Time_of_Day,Plant_Age_Days,Max_Temp_C,Min_Temp_C,Avg_Day_Hum,Avg_Night_Hum,Soil_Moisture,Sunlight_Hours,Rain_Level_mm,Leaf_Wetness_Hours,Cumulative_Stress_Index,Hot_Days_Past_10_Days,Wet_Nights_Past_10_Days,Dry_Soil_Days_Past_10_Days,Flooded_Days_Past_10_Days,Rainy_Days_Past_10_Days,Total_Rain_Volume_mm_Past_10_Days,Target_Threat
1,60,25.1,21.9,89.5,85.5,82.3,4.1,28.2,8.0,59.7,0,9,0,1,8,119.8,Disease: Anthracnose
1,28,25.9,20.3,84.9,87.0,89.1,3.9,38.7,13.8,59.8,0,10,0,4,10,131.3,Disease: Anthracnose
0,46,30.1,23.9,68.5,63.7,62.7,8.0,3.3,2.4,25.9,1,2,0,0,1,13.2,Safe
1,42,30.1,20.5,60.0,75.0,50.4,7.1,4.1,1.7,29.5,1,0,0,0,4,13.6,Safe
0,39,30.2,23.0,75.0,65.2,58.4,6.5,4.6,3.3,31.7,4,4,1,0,4,13.7,Pest: Bean Pod Borer
1,51,34.3,27.1,27.4,41.8,20.8,10.8,0.0,0.0,80.9,7,0,9,0,0,0.0,Pest: Bean Aphids
0,54,38.6,29.5,43.8,43.7,23.0,11.1,0.0,0.0,98.6,9,0,8,0,0,0.0,Pest: Bean Aphids
0,18,25.0,21.0,83.8,91.4,88.8,3.2,13.5,8.4,49.3,0,9,0,1,9,82.0,Disease: Anthracnose
0,51,29.9,22.4,67.6,72.1,58.2,6.9,1.2,4.0,29.1,1,3,2,0,1,17.6,Pest: Bean Pod Borer
1,15,30.5,21.8,51.1,62.0,50.4,7.7,2.8,2.7,16.2,0,3,1,0,1,19.9,Safe
0,40,30.8,24.9,59.0,67.0,46.3,6.1,5.8,2.8,33.7,4,2,1,0,4,20.0,Pest: Bean Pod Borer
1,39,28.5,21.7,65.9,61.7,56.4,8.6,2.8,3.5,18.6,0,3,1,0,4,13.0,Safe
0,21,29.8,21.4,59.9,67.2,64.3,7.8,3.2,0.6,28.9,0,3,1,0,4,15.8,Safe
1,29,24.9,21.9,80.7,92.0,70.4,2.5,27.1,11.7,59.5,0,9,0,1,6,97.2,Disease: Anthracnose
0,56,40.2,29.4,29.3,35.4,10.2,11.5,0.0,0.0,96.5,8,0,10,0,0,0.0,Pest: Bean Aphids
1,48,33.3,23.8,64.0,79.3,54.3,7.0,6.7,1.5,30.6,2,2,1,0,2,29.0,Pest: Bean Pod Borer
0,43,30.5,21.4,59.4,66.8,41.2,8.9,1.6,2.8,20.4,1,2,2,0,2,12.5,Safe
0,46,28.8,25.8,64.8,76.9,45.8,6.2,9.8,2.9,36.9,1,1,2,0,4,25.1,Pest: Bean Pod Borer
1,27,24.5,21.9,83.6,89.9,80.7,2.7,22.2,9.7,45.7,0,10,0,2,9,81.2,Disease: Anthracnose
1,42,28.1,22.2,70.7,72.1,56.9,7.1,0.9,1.6,21.8,3,1,0,0,3,22.9,Pest: Bean Pod Borer
0,33,27.3,18.3,75.9,91.7,74.3,4.6,22.3,8.9,42.2,0,10,0,4,9,132.0,Disease: Anthracnose
0,34,36.0,27.1,35.8,37.5,18.2,11.2,0.0,0.0,94.1,7,0,7,0,0,0.0,Pest: Bean Aphids
1,50,28.2,23.9,62.0,71.9,48.4,8.3,6.0,1.5,22.1,1,3,0,0,3,20.7,Pest: Bean Pod Borer
0,49,32.6,24.5,66.6,66.3,46.2,6.1,3.1,4.4,21.3,2,1,3,0,1,16.0,Pest: Bean Pod Borer
0,27,39.9,29.4,44.2,40.6,27.0,10.2,0.0,0.0,77.5,9,0,9,0,0,0.0,Pest: Bean Aphids
0,50,28.8,23.0,71.2,76.4,48.7,8.0,3.4,1.4,27.1,3,4,2,0,3,15.2,Pest: Bean Pod Borer
0,39,28.4,18.2,80.8,89.9,88.7,3.1,12.0,9.4,53.1,0,6,0,3,7,83.1,Disease: Anthracnose
1,32,39.3,26.9,40.5,46.3,18.1,10.8,0.0,0.0,94.0,8,0,9,0,0,0.0,Pest: Bean Aphids
0,29,36.9,27.9,42.4,37.0,26.8,9.9,0.0,0.0,98.3,7,0,7,0,0,0.0,Pest: Bean Aphids
0,45,33.5,24.6,64.0,73.1,58.6,8.7,3.4,4.7,39.7,2,3,1,0,2,29.5,Pest: Bean Pod Borer
1,28,37.5,28.4,39.2,40.6,25.3,10.5,0.0,0.0,78.4,8,0,8,0,0,0.0,Pest: Bean Aphids
0,52,30.4,22.5,74.6,77.5,60.1,8.9,4.6,3.9,28.5,4,2,1,0,4,16.9,Pest: Bean Pod Borer
0,42,24.3,19.7,89.0,91.6,70.5,3.8,30.9,8.8,40.9,0,10,0,1,7,131.9,Disease: Anthracnose
1,41,33.3,22.3,65.7,70.8,59.4,8.6,5.2,3.2,24.3,3,3,1,0,1,10.6,Pest: Bean Pod Borer
1,50,35.6,26.9,42.2,44.3,26.4,10.2,0.0,0.0,92.5,9,0,9,0,0,0.0,Pest: Bean Aphids
0,57,34.7,26.5,41.4,36.1,20.2,10.3,0.0,0.0,99.1,8,0,9,0,0,0.0,Pest: Bean Aphids
1,38,28.9,25.5,69.9,68.6,62.9,6.6,0.3,3.6,29.1,3,1,0,0,3,18.6,Pest: Bean Pod Borer
1,55,29.7,22.9,63.1,71.8,64.2,7.3,1.2,1.0,15.8,0,0,1,0,2,19.9,Safe
0,57,25.9,20.1,77.7,90.8,87.3,3.2,30.0,9.6,54.9,0,10,0,2,9,120.3,Disease: Anthracnose
0,39,31.0,24.4,72.4,78.1,53.8,7.6,4.6,3.9,28.2,2,1,3,0,3,16.8,Pest: Bean Pod Borer
1,52,26.8,24.0,58.9,65.3,47.9,9.0,1.6,1.5,25.3,1,2,2,0,2,16.3,Safe
1,20,30.1,23.2,52.8,63.8,56.0,8.6,2.8,0.4,26.9,0,2,0,0,2,10.5,Safe
1,58,28.4,20.0,58.6,64.4,45.8,6.0,1.9,1.6,21.2,1,1,0,0,4,21.6,Safe
1,34,35.7,28.4,42.8,48.8,15.0,9.0,0.0,0.0,91.8,10,0,10,0,0,0.0,Pest: Bean Aphids
0,38,33.5,24.7,68.3,74.2,60.3,7.6,0.4,2.9,32.4,4,3,3,0,2,29.7,Pest: Bean Pod Borer
0,47,27.2,21.3,83.7,95.0,75.3,2.1,17.8,13.4,50.8,0,7,0,3,9,95.6,Disease: Anthracnose
0,23,30.7,22.8,68.2,73.5,55.8,8.7,2.4,1.1,16.8,1,1,0,0,3,20.6,Safe
0,32,24.0,19.5,89.5,89.9,72.6,4.8,15.3,12.4,46.1,0,9,0,1,10,104.4,Disease: Anthracnose
1,52,32.3,22.3,64.9,70.8,54.1,8.2,6.9,4.4,24.5,4,3,3,0,2,27.1,Pest: Bean Pod Borer
1,43,28.4,22.0,77.3,89.3,74.5,3.7,23.6,12.7,54.8,0,9,0,1,9,120.2,Disease: Anthracnose
0,46,40.2,30.0,27.5,49.0,12.9,11.3,0.0,0.0,98.9,9,0,10,0,0,0.0,Pest: Bean Aphids
1,38,31.1,22.1,67.1,79.7,46.2,7.1,1.7,4.9,30.6,1,3,3,0,3,10.6,Pest: Bean Pod Borer
1,30,26.6,21.2,85.4,94.0,71.2,3.1,22.5,12.7,53.7,0,10,0,1,6,132.1,Disease: Anthracnose
1,59,34.4,27.4,31.6,36.5,18.2,11.1,0.0,0.0,93.1,8,0,7,0,0,0.0,Pest: Bean Aphids
1,52,33.3,23.6,67.4,67.3,63.6,8.6,9.8,4.2,37.6,1,2,2,0,4,26.0,Pest: Bean Pod Borer
1,59,39.9,26.3,33.3,44.4,13.5,11.1,0.0,0.0,87.4,8,0,8,0,0,0.0,Pest: Bean Aphids
1,30,25.6,18.2,75.6,85.7,88.6,2.6,24.2,13.5,42.0,0,7,0,3,9,105.5,Disease: Anthracnose
0,36,37.7,28.4,44.3,48.9,23.6,11.1,0.0,0.0,92.8,10,0,9,0,0,0.0,Pest: Bean Aphids
0,45,25.5,19.6,87.8,85.5,84.3,3.6,27.1,13.9,42.9,0,9,0,2,7,148.1,Disease: Anthracnose
1,46,30.6,23.6,66.8,72.7,59.6,7.6,1.1,0.8,23.3,1,0,1,0,1,10.4,Safe
1,59,27.2,21.4,65.5,70.2,62.4,8.6,2.4,1.0,17.7,0,1,1,0,4,24.1,Safe
1,59,39.3,28.5,40.2,38.1,19.9,11.8,0.0,0.0,86.0,10,0,7,0,0,0.0,Pest: Bean Aphids
0,42,40.3,27.2,35.0,43.2,11.4,9.8,0.0,0.0,80.7,7,0,7,0,0,0.0,Pest: Bean Aphids
0,29,27.0,18.1,82.2,89.3,85.4,4.4,20.2,9.1,56.0,0,8,0,1,6,90.3,Disease: Anthracnose
1,39,28.5,21.1,58.6,74.1,62.0,8.4,1.5,3.4,28.9,1,2,0,0,1,6.5,Safe
1,31,26.1,23.9,67.6,62.6,59.0,6.0,1.8,1.9,10.0,0,3,0,0,1,21.4,Safe
0,59,40.5,26.4,40.0,44.4,19.8,10.9,0.0,0.0,87.6,7,0,9,0,0,0.0,Pest: Bean Aphids
1,45,39.3,29.1,28.4,42.5,11.6,10.1,0.0,0.0,88.5,8,0,9,0,0,0.0,Pest: Bean Aphids
0,46,38.6,29.3,37.3,49.1,15.0,11.1,0.0,0.0,80.4,10,0,8,0,0,0.0,Pest: Bean Aphids
1,36,31.3,23.3,68.5,68.8,59.9,8.3,8.5,1.8,32.1,2,3,0,0,3,15.6,Pest: Bean Pod Borer
0,37,29.4,24.6,62.2,79.2,45.6,6.5,4.5,2.5,28.9,1,2,2,0,4,16.3,Pest: Bean Pod Borer
0,21,27.9,20.4,87.9,86.3,84.1,3.5,15.0,8.7,44.1,0,8,0,2,8,129.6,Disease: Anthracnose
0,39,37.2,26.7,27.8,45.4,15.2,9.4,0.0,0.0,80.5,8,0,7,0,0,0.0,Pest: Bean Aphids
0,51,26.5,21.5,78.0,87.3,81.4,2.5,22.6,12.6,54.2,0,9,0,1,7,140.9,Disease: Anthracnose
1,24,27.9,22.4,64.5,74.0,50.0,8.0,1.4,3.9,11.1,0,3,1,0,1,9.0,Safe
0,59,28.0,19.6,76.6,90.5,84.6,2.8,26.1,11.4,52.2,0,9,0,2,9,118.6,Disease: Anthracnose
0,54,30.1,20.0,67.1,64.4,44.0,7.2,0.4,1.6,19.2,0,2,1,0,4,17.8,Safe
1,41,28.5,24.8,67.5,66.5,60.4,8.6,6.0,1.5,39.7,1,3,3,0,3,11.4,Pest: Bean Pod Borer
0,16,26.7,19.3,85.2,97.9,88.9,3.2,25.8,9.7,53.9,0,7,0,4,6,89.2,Disease: Anthracnose
0,45,29.4,23.3,60.8,69.0,57.9,6.8,4.4,4.5,27.3,4,4,1,0,2,27.1,Pest: Bean Pod Borer
0,35,33.5,23.1,71.8,71.0,62.9,8.8,0.4,3.6,21.4,1,4,2,0,3,16.3,Pest: Bean Pod Borer
1,28,34.6,27.2,39.9,37.6,12.4,10.6,0.0,0.0,99.3,9,0,8,0,0,0.0,Pest: Bean Aphids
1,50,30.7,24.5,61.1,73.8,56.3,7.1,3.2,2.7,20.1,2,2,3,0,3,26.8,Pest: Bean Pod Borer
1,50,33.8,23.2,72.4,77.1,54.4,6.2,7.5,1.9,33.5,4,3,0,0,4,10.3,Pest: Bean Pod Borer
1,32,36.5,26.2,38.3,49.6,14.2,10.3,0.0,0.0,75.4,9,0,7,0,0,0.0,Pest: Bean Aphids
0,31,28.8,21.8,67.9,61.4,42.6,7.7,0.2,2.8,19.8,0,1,0,0,4,10.7,Safe
0,38,35.7,29.2,31.7,44.0,20.7,11.6,0.0,0.0,77.5,7,0,7,0,0,0.0,Pest: Bean Aphids
1,28,40.9,28.3,29.0,38.8,17.9,9.9,0.0,0.0,80.0,8,0,10,0,0,0.0,Pest: Bean Aphids
1,53,25.8,19.9,76.4,86.5,92.0,4.3,18.6,13.8,46.5,0,9,0,1,7,112.5,Disease: Anthracnose
0,51,31.9,24.3,74.0,73.4,56.2,8.2,7.7,3.3,33.5,4,1,1,0,2,21.0,Pest: Bean Pod Borer
1,38,35.2,28.8,37.0,39.6,24.1,9.8,0.0,0.0,90.7,8,0,7,0,0,0.0,Pest: Bean Aphids
0,38,31.6,23.1,66.3,73.0,53.5,7.0,0.8,4.3,30.1,3,4,2,0,2,18.3,Pest: Bean Pod Borer
1,30,37.9,28.6,36.3,45.2,20.2,9.2,0.0,0.0,78.2,7,0,8,0,0,0.0,Pest: Bean Aphids
0,47,34.6,29.3,37.5,42.2,11.7,9.6,0.0,0.0,91.0,7,0,10,0,0,0.0,Pest: Bean Aphids
1,50,33.0,23.0,62.5,70.1,58.6,6.9,9.7,4.5,35.3,1,4,3,0,3,29.1,Pest: Bean Pod Borer
0,15,26.7,23.0,55.5,68.7,48.8,8.6,3.9,2.5,20.1,0,0,2,0,1,15.6,Safe
1,26,28.1,23.0,66.7,60.5,57.2,7.8,4.4,1.1,14.2,2,3,2,0,4,11.3,Safe
1,60,27.4,20.2,60.1,64.7,51.3,6.2,4.2,0.3,27.3,0,3,1,0,1,14.0,Safe
1,43,30.8,24.7,73.0,72.0,50.8,7.6,0.7,4.8,39.8,3,4,2,0,4,26.9,Pest: Bean Pod Borer
0,47,38.7,26.4,42.2,40.1,22.4,11.5,0.0,0.0,79.8,7,0,8,0,0,0.0,Pest: Bean Aphids
0,46,30.1,22.0,57.1,73.5,61.3,8.4,2.2,2.5,27.5,2,0,0,0,3,7.0,Safe
1,48,29.9,22.1,64.1,78.4,62.9,8.6,0.9,2.3,33.0,2,1,0,0,1,24.1,Pest: Bean Pod Borer
1,27,28.8,22.0,53.2,63.0,55.2,7.0,1.6,1.0,12.4,1,3,0,0,4,17.1,Safe
0,43,29.7,22.2,58.7,68.8,63.1,8.3,4.6,2.8,13.5,0,0,1,0,3,15.1,Safe
0,35,33.2,25.9,70.6,67.2,48.0,7.3,8.0,4.9,36.3,1,4,2,0,2,11.8,Pest: Bean Pod Borer
1,22,27.3,20.4,57.3,71.7,48.4,6.7,0.8,0.4,14.2,0,2,0,0,2,17.8,Safe
1,46,37.2,27.0,35.1,41.9,11.3,11.1,0.0,0.0,93.7,10,0,9,0,0,0.0,Pest: Bean Aphids
0,37,29.6,25.8,62.2,71.0,63.4,8.7,8.8,1.5,23.2,2,2,3,0,3,21.1,Pest: Bean Pod Borer
1,30,26.3,20.2,64.2,60.3,48.6,6.3,4.0,3.7,24.8,2,1,2,0,2,11.6,Safe
1,18,27.1,21.3,76.2,94.9,87.9,2.0,32.3,8.5,51.8,0,8,0,1,10,98.4,Disease: Anthracnose
1,14,26.5,20.2,51.0,72.7,50.0,7.9,2.1,3.5,25.7,2,0,1,0,4,14.3,Safe
1,38,31.2,25.1,61.4,74.5,48.9,6.3,0.8,1.8,30.8,2,4,2,0,1,21.6,Pest: Bean Pod Borer
1,25,26.5,20.0,87.1,87.7,85.0,3.1,19.0,11.6,48.2,0,9,0,3,8,81.7,Disease: Anthracnose
1,54,27.3,21.1,50.7,62.1,53.0,6.1,4.4,2.3,24.3,1,1,2,0,3,14.5,Safe
1,42,39.1,29.3,41.3,38.5,12.6,9.6,0.0,0.0,90.1,7,0,8,0,0,0.0,Pest: Bean Aphids
0,22,30.0,22.2,63.8,74.3,61.2,8.1,3.5,3.2,18.3,0,0,0,0,1,14.6,Safe
0,16,27.6,23.5,52.7,71.6,58.8,6.4,5.0,0.6,20.6,0,1,1,0,3,19.4,Safe
1,44,34.1,27.7,33.9,41.4,17.9,10.0,0.0,0.0,81.7,9,0,10,0,0,0.0,Pest: Bean Aphids
0,43,34.1,27.4,36.1,37.1,17.9,10.9,0.0,0.0,97.8,9,0,7,0,0,0.0,Pest: Bean Aphids
1,57,35.4,26.1,39.1,48.8,19.9,11.2,0.0,0.0,89.0,9,0,9,0,0,0.0,Pest: Bean Aphids
0,24,26.2,21.6,51.7,70.4,41.7,7.3,1.9,3.0,18.8,0,1,0,0,3,5.9,Safe
1,43,25.4,21.2,89.6,90.5,92.4,2.4,27.6,8.5,44.2,0,9,0,3,6,145.3,Disease: Anthracnose
1,41,28.6,18.2,78.8,85.5,88.7,3.3,21.2,11.8,40.6,0,7,0,3,6,128.9,Disease: Anthracnose
0,22,27.3,23.1,69.7,70.3,43.7,6.2,3.9,0.8,20.8,1,3,0,0,2,19.8,Safe
0,23,29.0,19.4,89.8,96.6,94.7,2.4,35.9,9.1,41.6,0,8,0,2,8,124.4,Disease: Anthracnose
0,40,32.3,22.2,65.3,77.2,51.5,7.9,6.2,4.7,27.9,4,1,1,0,2,12.1,Pest: Bean Pod Borer
1,47,32.6,22.9,60.2,72.1,63.0,6.4,1.4,3.1,34.5,1,3,1,0,1,22.9,Pest: Bean Pod Borer
0,50,27.3,21.1,88.3,87.1,80.8,2.9,21.7,12.6,51.4,0,9,0,4,9,119.4,Disease: Anthracnose
1,38,33.5,22.4,63.1,74.3,57.8,8.3,2.0,4.4,29.7,3,4,2,0,2,29.2,Pest: Bean Pod Borer
0,34,28.6,22.9,56.8,69.6,47.5,7.2,0.9,3.0,24.4,2,0,1,0,1,20.9,Safe
1,40,30.4,22.3,60.1,71.4,58.9,7.6,0.7,3.9,39.9,2,3,1,0,4,26.4,Pest: Bean Pod Borer
0,29,27.3,21.0,85.8,88.7,85.4,2.7,17.5,12.4,46.0,0,9,0,3,7,103.0,Disease: Anthracnose
0,47,24.8,20.2,81.1,89.5,92.1,4.0,19.9,9.8,59.0,0,10,0,4,10,137.7,Disease: Anthracnose
0,48,30.9,23.3,65.2,72.5,59.5,7.2,9.5,2.2,37.3,1,2,1,0,2,27.6,Pest: Bean Pod Borer
1,54,27.1,19.4,89.1,95.2,81.4,3.0,15.8,8.6,51.9,0,6,0,2,10,88.8,Disease: Anthracnose
0,42,32.3,23.2,55.3,71.1,49.5,8.5,1.1,4.8,33.0,2,4,2,0,3,18.3,Pest: Bean Pod Borer
0,48,28.5,22.0,50.9,62.1,48.3,7.4,2.3,2.4,20.3,1,2,0,0,4,24.8,Safe
1,52,30.3,25.3,70.8,73.7,60.2,6.7,4.5,4.2,20.7,1,3,2,0,1,11.5,Pest: Bean Pod Borer
1,19,28.8,19.1,84.6,90.2,94.5,3.6,38.2,8.7,59.4,0,7,0,3,6,87.6,Disease: Anthracnose
0,18,29.9,20.8,66.6,68.3,54.7,8.4,1.2,3.1,25.8,2,0,1,0,2,24.8,Safe
1,29,27.3,20.5,53.9,61.8,53.4,8.3,0.9,0.9,19.7,2,2,0,0,2,10.9,Safe
0,45,30.1,23.8,67.4,78.2,46.9,8.4,1.8,2.6,39.2,3,4,3,0,4,23.0,Pest: Bean Pod Borer
1,45,25.5,21.4,89.6,85.3,71.4,4.3,34.3,11.2,57.2,0,6,0,4,6,107.1,Disease: Anthracnose
1,38,26.9,21.6,76.2,88.3,94.3,2.7,22.2,12.9,46.9,0,9,0,1,10,141.7,Disease: Anthracnose
0,24,25.7,21.8,88.8,89.6,75.0,3.9,21.7,8.9,45.8,0,6,0,2,7,123.9,Disease: Anthracnose
1,40,38.4,26.8,41.4,45.6,18.9,11.1,0.0,0.0,86.7,7,0,10,0,0,0.0,Pest: Bean Aphids
0,43,34.2,28.4,40.8,40.8,19.2,9.6,0.0,0.0,97.8,10,0,9,0,0,0.0,Pest: Bean Aphids
0,41,27.0,20.8,55.3,67.8,45.0,8.1,1.5,0.2,19.9,0,3,1,0,2,5.1,Safe
1,25,39.2,28.9,43.3,48.6,12.4,9.9,0.0,0.0,80.2,8,0,10,0,0,0.0,Pest: Bean Aphids
1,50,25.5,20.8,77.8,87.4,78.7,4.2,18.3,13.0,58.3,0,10,0,2,6,117.2,Disease: Anthracnose
0,41,30.4,22.2,62.8,77.3,64.5,7.8,0.8,3.8,29.5,4,4,1,0,1,26.1,Pest: Bean Pod Borer
0,20,40.6,27.8,40.2,36.5,11.6,10.3,0.0,0.0,88.9,10,0,7,0,0,0.0,Pest: Bean Aphids
1,32,25.2,19.2,78.5,92.8,81.7,2.1,38.1,9.5,54.0,0,9,0,1,9,120.0,Disease: Anthracnose
0,38,26.6,20.3,87.7,87.1,71.5,3.0,36.3,8.8,43.3,0,8,0,3,9,124.5,Disease: Anthracnose
1,17,28.5,19.2,78.9,97.1,92.2,4.4,16.1,13.5,54.9,0,6,0,4,7,81.0,Disease: Anthracnose
1,46,38.2,29.3,39.8,41.8,10.5,9.2,0.0,0.0,91.0,10,0,8,0,0,0.0,Pest: Bean Aphids
0,20,27.3,21.5,79.6,88.2,77.1,3.9,13.9,13.0,40.6,0,8,0,3,9,112.7,Disease: Anthracnose
1,51,28.8,21.2,79.3,97.6,82.5,4.1,24.0,8.9,59.3,0,10,0,2,8,114.1,Disease: Anthracnose
1,51,26.4,21.3,63.5,68.0,63.9,7.9,4.4,2.0,20.8,2,0,0,0,3,24.9,Safe
0,28,27.6,21.8,54.0,74.2,50.7,7.3,0.4,0.1,12.1,2,3,2,0,4,11.1,Safe
1,37,31.1,24.3,69.3,76.9,47.5,8.3,9.7,4.6,23.6,2,1,3,0,3,12.5,Pest: Bean Pod Borer
0,44,28.7,26.0,69.4,78.2,50.4,7.0,8.9,3.3,23.3,3,2,2,0,3,19.4,Pest: Bean Pod Borer
1,50,28.3,21.2,88.4,91.5,81.4,2.5,18.9,8.4,51.5,0,8,0,1,6,92.5,Disease: Anthracnose
1,36,40.9,29.9,40.3,41.6,26.6,11.8,0.0,0.0,99.3,10,0,7,0,0,0.0,Pest: Bean Aphids
0,44,28.2,19.0,87.3,89.5,94.3,2.7,23.4,8.3,49.2,0,8,0,2,7,119.1,Disease: Anthracnose
0,29,27.0,23.4,64.5,72.1,49.5,6.8,0.3,0.3,12.9,0,0,0,0,4,23.5,Safe
0,51,39.2,26.9,29.8,39.0,14.1,11.5,0.0,0.0,95.9,9,0,8,0,0,0.0,Pest: Bean Aphids
1,48,26.2,20.7,84.7,97.5,75.5,2.2,11.1,9.6,41.3,0,6,0,3,7,141.8,Disease: Anthracnose
0,28,36.0,28.5,37.4,39.1,21.2,9.6,0.0,0.0,75.5,7,0,7,0,0,0.0,Pest: Bean Aphids
1,55,37.1,29.9,39.0,37.7,20.8,10.9,0.0,0.0,90.9,10,0,9,0,0,0.0,Pest: Bean Aphids
1,45,28.0,20.6,82.2,93.2,92.3,3.6,20.1,12.7,48.3,0,6,0,3,10,130.7,Disease: Anthracnose
0,50,30.7,23.6,60.4,74.0,46.8,7.3,3.7,1.7,32.6,1,1,2,0,4,23.5,Pest: Bean Pod Borer
0,43,37.6,26.5,29.0,37.1,24.2,9.1,0.0,0.0,88.9,9,0,10,0,0,0.0,Pest: Bean Aphids
0,15,29.0,18.6,85.7,88.5,70.6,2.7,25.6,8.1,48.1,0,10,0,4,8,123.5,Disease: Anthracnose
1,57,35.7,27.2,41.6,40.9,16.0,9.3,0.0,0.0,96.2,10,0,10,0,0,0.0,Pest: Bean Aphids
1,47,31.8,25.4,66.4,70.8,56.9,8.6,7.5,3.8,26.3,1,3,3,0,1,19.9,Pest: Bean Pod Borer
1,60,40.8,27.2,35.4,45.5,10.8,9.5,0.0,0.0,78.5,10,0,7,0,0,0.0,Pest: Bean Aphids
0,46,31.4,24.3,73.9,75.7,58.5,8.7,5.3,4.5,28.4,1,1,0,0,4,12.9,Pest: Bean Pod Borer
1,31,38.7,27.1,33.1,35.3,17.5,9.4,0.0,0.0,81.7,9,0,7,0,0,0.0,Pest: Bean Aphids
0,21,26.8,20.9,89.2,95.5,86.8,3.7,29.4,12.1,48.7,0,8,0,2,7,83.5,Disease: Anthracnose
1,26,35.1,27.5,41.4,36.8,13.6,11.9,0.0,0.0,94.2,7,0,8,0,0,0.0,Pest: Bean Aphids
0,33,38.8,27.5,31.3,48.6,24.6,9.5,0.0,0.0,75.3,8,0,7,0,0,0.0,Pest: Bean Aphids
1,39,26.2,18.8,77.6,86.8,83.9,4.5,20.8,10.5,45.8,0,7,0,2,6,85.0,Disease: Anthracnose
0,57,39.6,29.7,41.8,38.7,18.5,11.9,0.0,0.0,95.8,9,0,8,0,0,0.0,Pest: Bean Aphids
1,38,27.1,21.3,81.3,87.3,83.0,2.5,34.3,12.0,47.3,0,6,0,2,6,114.8,Disease: Anthracnose
0,17,26.1,20.8,83.1,85.8,92.4,5.0,24.2,9.7,43.6,0,7,0,4,8,149.5,Disease: Anthracnose
0,36,29.1,22.2,62.0,67.2,45.6,7.7,6.0,2.3,21.8,1,4,1,0,2,23.4,Pest: Bean Pod Borer
1,48,25.6,19.3,86.5,86.3,94.6,3.5,39.8,9.2,40.7,0,9,0,1,6,101.8,Disease: Anthracnose
0,35,37.2,29.5,38.9,39.1,10.4,10.7,0.0,0.0,76.6,8,0,8,0,0,0.0,Pest: Bean Aphids
0,32,27.7,18.5,80.3,86.0,89.8,4.2,19.8,11.0,45.5,0,10,0,1,8,142.5,Disease: Anthracnose
0,54,28.0,23.3,67.6,74.9,53.6,7.6,2.9,1.0,21.0,0,1,2,0,3,14.8,Safe
1,51,26.0,19.7,86.4,90.3,94.2,3.1,34.2,13.8,55.3,0,6,0,2,7,126.3,Disease: Anthracnose
1,21,30.2,20.4,68.0,65.1,58.8,6.5,1.7,1.7,19.5,2,1,2,0,4,12.1,Safe
1,45,33.6,23.6,71.6,69.9,54.1,6.7,9.4,1.5,35.4,1,2,0,0,2,19.0,Pest: Bean Pod Borer
0,36,27.7,19.0,89.7,87.2,92.1,2.3,31.3,11.8,57.7,0,9,0,1,8,94.7,Disease: Anthracnose
1,24,30.4,22.4,65.8,69.6,55.3,6.5,4.9,3.4,11.7,2,3,0,0,4,21.7,Safe
0,48,29.2,20.1,66.2,65.7,59.5,8.8,1.7,3.5,18.7,0,1,2,0,1,17.7,Safe
1,57,29.5,23.7,50.6,70.5,63.7,7.7,2.8,0.8,29.8,1,2,0,0,4,5.8,Safe
0,24,25.7,18.1,85.3,85.7,90.7,3.3,27.9,8.0,49.6,0,8,0,4,6,133.3,Disease: Anthracnose
1,27,36.9,29.5,43.8,41.3,26.5,9.2,0.0,0.0,82.2,9,0,9,0,0,0.0,Pest: Bean Aphids
1,25,27.3,19.1,85.0,93.1,72.3,4.9,17.0,9.9,56.1,0,7,0,1,6,97.1,Disease: Anthracnose
0,41,29.2,22.7,72.7,75.8,51.8,7.7,1.8,1.1,36.9,1,1,1,0,4,23.1,Pest: Bean Pod Borer
0,48,33.1,24.6,57.8,72.5,49.9,8.2,9.7,2.4,34.9,2,4,0,0,3,27.5,Pest: Bean Pod Borer
0,43,27.5,21.3,87.2,93.3,87.9,4.7,21.7,9.8,41.0,0,6,0,1,9,133.7,Disease: Anthracnose
0,46,26.5,22.2,52.2,62.4,52.8,8.6,2.9,1.9,23.0,0,0,2,0,4,21.4,Safe
0,46,27.0,20.6,61.2,72.8,40.9,8.9,2.5,1.5,20.9,1,0,0,0,3,5.9,Safe
1,59,28.5,20.1,84.6,86.1,89.2,4.0,20.7,11.9,40.9,0,9,0,3,9,87.4,Disease: Anthracnose
1,48,36.5,29.2,32.4,39.5,18.8,10.6,0.0,0.0,93.6,8,0,8,0,0,0.0,Pest: Bean Aphids
1,45,29.7,22.7,60.3,75.7,53.3,7.9,2.5,4.0,30.6,2,2,3,0,4,28.4,Pest: Bean Pod Borer
0,56,30.4,23.1,53.9,72.1,55.4,7.4,0.0,3.0,22.0,1,1,1,0,4,15.3,Safe
1,29,27.0,19.4,84.5,93.1,86.9,4.2,29.8,13.0,52.6,0,6,0,3,9,82.3,Disease: Anthracnose
0,40,26.2,20.2,86.3,95.1,73.5,5.0,17.0,13.5,51.5,0,10,0,3,7,101.1,Disease: Anthracnose
0,60,27.0,18.9,87.3,91.4,81.7,2.1,25.3,8.6,55.0,0,10,0,3,6,117.0,Disease: Anthracnose
0,44,31.0,23.3,65.6,66.5,51.0,7.8,5.7,1.6,23.1,4,2,1,0,2,16.5,Pest: Bean Pod Borer
1,50,29.3,22.8,55.5,76.4,53.5,6.8,1.8,1.6,25.5,1,3,3,0,4,20.5,Pest: Bean Pod Borer
0,49,30.1,22.6,62.3,73.7,49.7,8.4,0.9,2.6,38.4,1,3,3,0,2,19.8,Pest: Bean Pod Borer
1,52,27.3,23.4,65.9,66.2,46.0,8.7,2.1,0.1,13.1,1,2,1,0,2,24.2,Safe
0,45,28.6,18.5,81.2,85.6,76.5,2.9,31.1,12.1,55.4,0,10,0,2,8,116.3,Disease: Anthracnose
0,40,28.8,23.2,62.9,67.2,64.9,8.4,6.7,4.8,26.4,1,3,3,0,1,22.4,Pest: Bean Pod Borer
1,52,26.5,22.4,57.3,64.1,49.6,8.4,2.3,3.3,13.0,1,3,0,0,4,5.2,Safe
1,58,28.8,18.8,83.6,93.4,74.4,4.3,20.7,12.0,49.7,0,9,0,1,9,123.0,Disease: Anthracnose
0,23,40.7,30.0,44.5,35.2,25.2,11.5,0.0,0.0,88.5,7,0,8,0,0,0.0,Pest: Bean Aphids
1,41,29.4,25.4,63.2,71.7,48.0,8.7,8.5,4.0,20.5,3,2,3,0,4,25.8,Pest: Bean Pod Borer
1,19,27.4,21.7,86.8,93.1,86.5,4.8,22.8,11.3,53.0,0,8,0,2,6,84.2,Disease: Anthracnose
0,24,29.8,20.1,60.9,60.3,60.6,7.4,2.9,1.5,23.7,1,3,2,0,2,18.7,Safe
1,58,35.9,26.2,34.2,36.9,26.6,9.2,0.0,0.0,82.3,9,0,8,0,0,0.0,Pest: Bean Aphids
1,60,31.0,23.8,66.4,71.4,40.3,8.0,4.9,3.8,27.3,0,1,2,0,2,14.5,Safe
1,59,40.4,28.8,43.1,42.0,21.6,9.3,0.0,0.0,87.5,8,0,8,0,0,0.0,Pest: Bean Aphids
1,40,27.7,20.7,56.1,72.0,44.0,8.6,0.8,0.5,28.2,1,1,2,0,4,19.0,Safe
0,31,30.7,21.2,54.8,72.1,56.5,8.8,4.9,4.0,27.6,2,0,0,0,2,22.7,Safe
0,51,30.7,23.7,56.3,68.4,63.7,6.4,1.6,3.5,24.5,1,3,1,0,3,13.9,Safe
1,60,38.7,28.1,38.4,47.5,20.6,11.0,0.0,0.0,95.2,8,0,8,0,0,0.0,Pest: Bean Aphids
0,50,24.4,18.2,76.6,90.5,72.4,4.0,27.1,9.5,45.1,0,6,0,1,6,131.8,Disease: Anthracnose
0,41,30.9,24.0,57.2,73.5,49.3,6.6,7.5,4.2,23.8,4,4,0,0,2,11.6,Pest: Bean Pod Borer
0,23,24.8,19.5,77.3,87.8,80.4,3.0,24.0,8.4,56.7,0,9,0,1,10,106.6,Disease: Anthracnose
0,38,32.7,22.9,71.1,75.4,54.3,7.7,9.2,1.5,22.7,4,3,3,0,4,26.6,Pest: Bean Pod Borer
1,44,32.3,24.8,60.5,78.4,62.0,7.4,2.2,2.2,30.4,4,1,0,0,3,21.2,Pest: Bean Pod Borer
1,46,33.6,25.3,63.1,76.3,45.9,7.0,3.9,1.8,34.5,3,4,3,0,2,25.0,Pest: Bean Pod Borer
1,43,26.3,22.8,61.5,61.2,51.4,7.1,2.5,2.3,17.4,1,0,2,0,1,9.6,Safe
1,18,25.5,18.2,83.1,86.9,82.6,2.7,11.5,12.4,47.9,0,9,0,1,7,110.2,Disease: Anthracnose
0,36,32.0,25.1,74.7,77.8,62.3,7.1,4.5,4.3,23.3,3,2,2,0,1,22.2,Pest: Bean Pod Borer
1,53,28.1,21.4,68.2,64.1,51.2,6.4,3.1,2.5,22.9,1,3,2,0,4,6.2,Safe
0,21,35.9,29.9,38.5,38.7,20.0,11.4,0.0,0.0,82.6,10,0,10,0,0,0.0,Pest: Bean Aphids
1,43,30.1,23.8,67.3,78.8,63.1,8.8,8.2,3.3,20.8,3,3,0,0,2,22.2,Pest: Bean Pod Borer
1,60,40.7,29.5,37.8,48.9,17.6,10.8,0.0,0.0,85.1,7,0,7,0,0,0.0,Pest: Bean Aphids
0,19,26.3,21.6,81.7,86.1,87.0,4.5,19.6,10.1,41.3,0,10,0,3,8,139.6,Disease: Anthracnose
1,23,36.0,28.1,43.7,42.7,23.8,9.5,0.0,0.0,77.4,8,0,9,0,0,0.0,Pest: Bean Aphids
0,35,26.1,20.7,80.6,87.0,93.1,2.2,35.0,8.6,41.9,0,8,0,2,10,84.2,Disease: Anthracnose
0,37,26.1,23.7,67.2,68.6,54.3,8.1,2.1,0.5,10.4,1,1,2,0,4,21.6,Safe
1,29,38.2,26.7,43.0,44.0,25.8,10.6,0.0,0.0,93.8,7,0,10,0,0,0.0,Pest: Bean Aphids
0,42,37.0,27.1,38.6,42.3,22.0,9.1,0.0,0.0,84.9,7,0,7,0,0,0.0,Pest: Bean Aphids
1,45,32.0,23.8,69.5,69.0,47.8,8.7,0.9,2.5,27.9,1,1,2,0,1,29.1,Pest: Bean Pod Borer
0,37,26.3,18.7,75.0,86.9,92.1,2.9,12.4,9.4,44.1,0,6,0,2,7,127.9,Disease: Anthracnose
1,48,34.2,27.8,41.9,44.0,15.2,9.5,0.0,0.0,88.7,9,0,7,0,0,0.0,Pest: Bean Aphids
0,20,35.2,26.2,31.1,46.9,18.2,9.5,0.0,0.0,89.8,7,0,7,0,0,0.0,Pest: Bean Aphids
1,37,31.9,24.2,62.7,72.9,55.0,7.7,6.1,2.3,32.8,1,1,0,0,1,26.7,Pest: Bean Pod Borer
0,48,31.3,24.8,64.8,70.9,46.6,8.6,6.5,3.2,37.9,4,1,2,0,4,26.5,Pest: Bean Pod Borer
1,48,28.1,22.6,54.4,63.8,48.6,6.7,0.0,3.6,23.7,1,1,0,0,1,6.3,Safe
0,40,38.9,28.4,27.8,42.8,18.9,9.6,0.0,0.0,87.3,9,0,8,0,0,0.0,Pest: Bean Aphids
0,51,28.4,19.3,84.8,90.1,92.9,3.4,17.9,9.5,51.2,0,8,0,4,10,108.0,Disease: Anthracnose
0,52,29.8,24.3,55.8,69.1,50.4,6.8,6.5,4.1,20.2,3,3,2,0,2,18.9,Pest: Bean Pod Borer
0,20,28.9,18.8,85.5,87.2,80.0,3.3,17.8,8.5,47.4,0,10,0,1,6,130.3,Disease: Anthracnose
0,42,24.5,21.6,87.3,96.5,93.3,3.2,21.9,10.2,47.7,0,6,0,3,7,82.0,Disease: Anthracnose
0,27,38.7,27.8,43.1,44.2,21.2,11.9,0.0,0.0,92.1,9,0,10,0,0,0.0,Pest: Bean Aphids
1,36,26.6,20.1,85.4,93.0,72.7,4.2,28.9,13.9,49.7,0,10,0,3,9,122.6,Disease: Anthracnose
1,11,26.6,22.3,68.2,70.5,54.0,8.3,2.7,1.6,23.9,0,0,0,0,4,22.0,Safe
0,58,34.8,28.9,35.6,40.9,13.2,10.6,0.0,0.0,78.2,8,0,10,0,0,0.0,Pest: Bean Aphids
1,55,27.8,22.3,69.2,61.2,58.3,7.6,4.3,3.0,15.6,2,0,2,0,1,9.9,Safe
0,50,32.6,25.6,71.3,69.6,54.6,6.7,5.4,2.1,30.9,1,1,0,0,3,12.1,Pest: Bean Pod Borer
0,58,27.2,21.2,79.7,85.7,78.6,4.3,24.1,11.1,49.4,0,8,0,4,8,147.2,Disease: Anthracnose
1,25,38.7,26.5,29.0,44.1,11.8,10.2,0.0,0.0,99.8,9,0,8,0,0,0.0,Pest: Bean Aphids
1,38,37.8,29.4,33.6,48.2,23.1,11.3,0.0,0.0,84.1,10,0,7,0,0,0.0,Pest: Bean Aphids
1,39,28.7,23.1,58.2,69.7,45.3,6.4,0.5,2.6,16.0,2,3,0,0,2,9.3,Safe
0,47,38.6,27.0,31.9,45.1,16.9,11.5,0.0,0.0,89.0,7,0,7,0,0,0.0,Pest: Bean Aphids
1,42,33.3,24.9,60.5,77.7,45.5,8.9,6.8,3.5,33.6,4,1,3,0,1,27.1,Pest: Bean Pod Borer
0,38,28.4,21.3,79.6,85.8,92.0,4.8,12.6,10.9,41.4,0,10,0,2,7,126.2,Disease: Anthracnose
0,56,30.5,23.0,54.9,60.1,50.3,6.7,1.7,3.4,27.5,1,0,2,0,4,22.0,Safe
0,43,28.1,24.1,58.1,66.9,52.6,8.2,0.5,3.9,39.5,2,4,3,0,2,18.8,Pest: Bean Pod Borer
1,35,27.9,20.3,76.3,85.7,73.9,3.9,30.2,9.6,53.2,0,9,0,4,9,99.1,Disease: Anthracnose
1,43,32.2,23.1,64.8,73.7,52.0,7.9,4.5,3.5,36.6,1,4,1,0,2,29.9,Pest: Bean Pod Borer
1,39,32.5,25.4,71.6,65.5,51.4,7.5,6.9,2.1,37.0,4,2,3,0,3,24.1,Pest: Bean Pod Borer
1,38,24.3,20.4,80.5,90.5,86.9,4.3,10.7,9.6,45.9,0,9,0,1,9,102.7,Disease: Anthracnose
1,48,33.8,23.5,55.8,68.0,52.5,6.0,3.2,4.3,23.8,1,2,1,0,3,16.2,Pest: Bean Pod Borer
1,31,36.6,28.2,30.1,39.6,16.2,11.1,0.0,0.0,93.4,7,0,8,0,0,0.0,Pest: Bean Aphids
0,40,32.4,23.7,67.8,72.3,51.3,8.1,5.6,4.6,32.3,3,2,1,0,4,16.1,Pest: Bean Pod Borer
1,29,24.3,20.2,75.3,95.7,77.2,4.5,21.7,10.1,57.4,0,7,0,3,6,117.4,Disease: Anthracnose
0,44,33.9,22.0,55.5,74.4,47.4,8.5,8.0,5.0,28.3,3,3,1,0,1,22.8,Pest: Bean Pod Borer
0,35,25.9,19.6,83.6,95.5,72.5,4.0,20.1,11.0,55.3,0,8,0,2,10,101.0,Disease: Anthracnose
0,48,32.4,25.0,72.3,77.3,55.3,6.5,3.1,3.0,22.7,1,2,1,0,2,26.7,Pest: Bean Pod Borer
0,51,35.0,26.3,44.0,38.6,17.3,11.5,0.0,0.0,88.5,7,0,8,0,0,0.0,Pest: Bean Aphids
1,42,39.4,26.6,38.5,48.3,22.2,10.2,0.0,0.0,99.0,7,0,9,0,0,0.0,Pest: Bean Aphids
1,53,26.4,20.0,69.0,70.6,46.4,7.5,3.1,3.5,18.7,1,2,0,0,1,22.4,Safe
0,44,25.7,18.9,86.2,92.6,87.9,4.8,30.0,13.1,44.7,0,8,0,3,10,127.1,Disease: Anthracnose
0,26,26.9,22.4,56.6,64.2,42.1,7.1,2.0,1.5,26.7,2,1,0,0,1,23.5,Safe
1,55,37.8,26.8,38.7,47.0,26.0,10.1,0.0,0.0,99.2,9,0,7,0,0,0.0,Pest: Bean Aphids
1,15,26.1,20.5,56.5,70.4,57.2,8.1,3.5,2.9,15.1,0,0,0,0,3,23.6,Safe
0,48,31.3,22.2,66.8,68.1,56.7,6.0,7.0,3.3,27.4,2,4,1,0,2,20.7,Pest: Bean Pod Borer
1,36,26.9,23.6,62.9,60.4,59.1,7.5,4.9,2.4,17.2,1,3,1,0,4,24.5,Safe
1,49,31.2,25.9,72.2,65.2,59.4,8.0,5.4,2.1,32.8,1,3,3,0,2,19.1,Pest: Bean Pod Borer
0,39,32.5,24.9,63.0,66.2,48.2,6.7,8.3,2.6,37.9,3,4,1,0,1,20.0,Pest: Bean Pod Borer
1,29,26.9,19.9,84.3,90.5,81.7,3.2,34.1,9.9,47.6,0,7,0,4,7,98.6,Disease: Anthracnose
1,53,27.8,20.1,63.5,70.1,49.9,7.6,3.4,0.5,17.9,2,0,2,0,2,6.3,Safe
1,31,39.5,29.4,25.9,41.2,22.7,9.9,0.0,0.0,93.1,10,0,9,0,0,0.0,Pest: Bean Aphids
1,41,38.8,28.9,43.0,37.1,19.9,9.9,0.0,0.0,85.0,8,0,10,0,0,0.0,Pest: Bean Aphids
0,23,37.1,28.8,31.3,47.9,15.0,11.6,0.0,0.0,91.4,7,0,9,0,0,0.0,Pest: Bean Aphids
1,38,26.7,19.6,84.9,90.1,84.4,4.2,30.6,13.9,44.5,0,9,0,2,7,130.1,Disease: Anthracnose
1,29,34.9,26.3,36.4,35.7,17.2,9.3,0.0,0.0,87.5,8,0,8,0,0,0.0,Pest: Bean Aphids
0,34,26.6,20.3,50.6,63.5,52.1,8.3,0.0,1.1,29.1,2,0,0,0,2,15.4,Safe
0,29,40.7,26.6,31.4,40.8,21.4,10.2,0.0,0.0,87.8,9,0,10,0,0,0.0,Pest: Bean Aphids
1,41,29.6,25.1,56.6,79.6,53.0,6.5,4.4,3.0,34.7,2,4,0,0,4,18.5,Pest: Bean Pod Borer
1,39,38.0,26.4,26.3,48.6,24.3,9.6,0.0,0.0,95.3,7,0,10,0,0,0.0,Pest: Bean Aphids
1,42,36.9,28.9,33.9,38.6,24.3,9.2,0.0,0.0,82.8,10,0,9,0,0,0.0,Pest: Bean Aphids
0,60,24.7,20.1,83.6,96.1,82.6,2.4,33.9,9.8,53.5,0,10,0,4,7,142.7,Disease: Anthracnose
0,42,33.1,24.2,71.4,75.2,62.2,7.9,4.3,3.5,23.7,2,2,1,0,4,19.6,Pest: Bean Pod Borer
1,47,26.4,22.8,67.4,61.7,44.2,7.6,0.2,2.6,18.4,2,3,1,0,1,18.9,Safe
0,48,25.0,19.8,78.6,94.7,89.1,4.5,22.3,13.2,58.2,0,7,0,4,8,137.7,Disease: Anthracnose
0,12,28.3,23.7,64.1,64.1,60.6,7.5,3.2,0.5,10.6,1,3,2,0,4,8.6,Safe
1,15,28.6,21.5,65.8,67.7,63.7,7.1,1.9,3.1,28.2,2,1,0,0,2,8.6,Safe
1,38,26.2,20.8,53.7,66.5,41.3,6.9,2.7,1.4,10.5,2,2,1,0,2,20.1,Safe
1,18,26.9,20.0,64.0,68.6,61.3,8.3,2.8,0.7,16.4,2,1,2,0,1,23.7,Safe
0,51,29.3,24.6,59.5,66.6,61.9,7.1,7.6,3.3,36.1,1,3,0,0,2,15.5,Pest: Bean Pod Borer
1,46,30.2,22.0,63.1,70.3,46.4,8.5,4.8,2.6,19.8,0,2,0,0,2,19.4,Safe
0,46,38.9,27.5,42.1,39.2,13.2,9.4,0.0,0.0,89.4,8,0,7,0,0,0.0,Pest: Bean Aphids
0,22,28.8,23.8,53.6,64.2,47.8,8.7,4.1,2.7,13.8,0,0,1,0,2,14.1,Safe
1,46,24.9,21.0,84.7,92.1,72.6,3.1,28.4,12.3,54.1,0,7,0,2,6,109.4,Disease: Anthracnose
1,23,40.6,27.2,30.7,37.7,23.3,9.0,0.0,0.0,88.7,7,0,7,0,0,0.0,Pest: Bean Aphids
0,55,40.6,26.9,31.8,40.9,12.5,11.2,0.0,0.0,88.0,8,0,10,0,0,0.0,Pest: Bean Aphids
1,55,28.3,20.2,76.3,95.0,73.7,3.3,13.5,13.4,54.8,0,9,0,4,9,81.4,Disease: Anthracnose
1,44,33.5,22.3,71.8,72.3,64.3,7.8,1.8,3.8,30.1,3,2,2,0,3,21.7,Pest: Bean Pod Borer
0,57,24.6,19.2,81.1,91.5,92.4,4.1,19.3,8.7,58.3,0,8,0,3,10,95.5,Disease: Anthracnose
0,39,31.7,23.2,59.9,72.7,47.5,7.6,5.7,2.2,35.1,4,2,3,0,1,19.3,Pest: Bean Pod Borer
1,50,31.2,25.2,63.8,70.5,50.2,6.9,0.0,4.3,37.0,3,3,3,0,1,23.8,Pest: Bean Pod Borer
1,28,37.0,27.7,27.8,41.6,26.1,11.9,0.0,0.0,84.2,8,0,9,0,0,0.0,Pest: Bean Aphids
1,21,27.6,18.5,86.3,85.2,72.5,3.2,13.3,8.1,56.6,0,6,0,2,7,133.9,Disease: Anthracnose
0,11,29.7,21.0,52.8,61.5,58.5,7.6,3.0,0.1,11.9,0,0,2,0,2,19.3,Safe
0,13,27.3,21.6,60.9,62.7,62.4,6.8,1.9,0.1,29.5,2,1,1,0,4,9.9,Safe
0,53,34.7,26.8,34.5,47.5,18.0,9.2,0.0,0.0,78.0,10,0,10,0,0,0.0,Pest: Bean Aphids
0,36,33.5,22.6,74.1,70.0,57.6,7.8,6.1,4.5,39.6,2,4,0,0,4,13.8,Pest: Bean Pod Borer
1,37,27.9,23.6,68.7,64.8,48.9,8.9,0.7,3.4,29.7,0,1,0,0,4,15.7,Safe
0,60,26.3,20.8,59.5,70.4,51.7,8.1,4.3,2.3,16.7,1,3,1,0,2,7.1,Safe
0,19,26.7,20.4,76.4,88.3,76.0,4.3,22.0,8.1,44.2,0,9,0,4,8,125.3,Disease: Anthracnose
0,53,30.2,23.6,60.0,62.4,63.1,6.2,1.8,0.8,15.0,2,3,0,0,1,19.8,Safe
0,42,27.9,22.4,61.5,66.3,52.2,7.6,4.6,3.7,13.5,0,3,1,0,2,8.7,Safe
1,29,28.7,21.9,86.6,94.2,87.3,3.5,24.4,11.4,58.7,0,8,0,3,6,120.1,Disease: Anthracnose
1,41,38.8,27.6,37.6,49.4,11.6,10.6,0.0,0.0,99.0,7,0,10,0,0,0.0,Pest: Bean Aphids
1,46,26.6,21.0,53.7,68.4,40.9,7.0,1.7,1.5,20.8,0,2,0,0,1,13.1,Safe
1,35,29.1,23.2,53.5,63.7,62.5,8.2,2.3,3.6,13.7,2,0,1,0,1,9.8,Safe
0,37,28.1,25.7,72.4,70.0,46.8,8.8,3.6,4.0,39.2,3,1,2,0,3,21.7,Pest: Bean Pod Borer
0,43,36.6,27.1,33.2,40.1,20.8,11.4,0.0,0.0,91.2,7,0,9,0,0,0.0,Pest: Bean Aphids
1,45,30.7,23.6,70.1,78.8,54.6,7.8,8.0,3.7,38.8,1,1,0,0,1,22.4,Pest: Bean Pod Borer
1,16,24.6,21.4,81.6,85.0,94.0,2.6,30.7,8.8,53.0,0,7,0,3,6,125.8,Disease: Anthracnose
0,36,34.7,28.9,34.7,40.0,12.3,11.0,0.0,0.0,77.5,7,0,8,0,0,0.0,Pest: Bean Aphids
0,37,30.5,24.1,67.4,67.5,63.7,7.1,1.4,1.4,24.7,4,1,0,0,4,25.4,Pest: Bean Pod Borer
1,59,25.5,19.6,77.1,97.3,77.6,3.5,12.9,13.3,42.7,0,9,0,3,10,109.3,Disease: Anthracnose
1,40,28.6,24.0,70.7,77.0,57.3,8.1,0.5,2.6,32.7,1,2,3,0,4,11.8,Pest: Bean Pod Borer
1,43,29.2,22.5,58.2,71.9,50.1,6.6,7.4,4.2,31.4,2,2,3,0,4,20.3,Pest: Bean Pod Borer
1,35,27.1,22.3,51.1,72.0,52.0,7.6,2.5,1.6,23.7,0,3,0,0,4,11.3,Safe
0,52,27.8,20.6,67.1,65.5,49.3,6.9,1.8,3.9,27.5,0,1,2,0,4,19.8,Safe
1,53,34.3,26.3,31.1,49.2,27.3,9.3,0.0,0.0,93.1,10,0,8,0,0,0.0,Pest: Bean Aphids
1,36,28.8,20.5,54.9,63.1,56.2,8.8,4.2,0.4,24.5,0,0,1,0,4,18.5,Safe
1,37,30.0,24.4,58.9,72.9,60.6,8.3,2.0,1.3,37.0,1,4,1,0,4,16.4,Pest: Bean Pod Borer
1,53,28.2,22.4,58.0,69.2,42.0,7.3,4.7,3.7,29.7,2,0,2,0,4,10.9,Safe
0,51,30.7,24.8,56.6,73.5,46.2,7.6,5.1,3.3,23.0,3,4,0,0,2,24.3,Pest: Bean Pod Borer
1,32,37.5,29.4,40.7,47.6,19.6,9.9,0.0,0.0,76.2,10,0,8,0,0,0.0,Pest: Bean Aphids
0,26,29.3,22.9,65.8,61.1,64.8,7.4,2.0,2.0,28.4,2,3,2,0,1,20.8,Safe
1,53,29.7,20.7,61.4,66.1,60.8,6.9,1.1,3.1,22.1,1,3,1,0,4,18.5,Safe
0,30,26.8,19.5,80.8,91.2,77.8,3.6,25.9,13.3,56.8,0,7,0,3,7,138.8,Disease: Anthracnose
0,17,28.3,18.0,75.7,89.7,93.0,2.5,38.8,8.2,56.1,0,9,0,2,8,97.4,Disease: Anthracnose
0,53,26.0,20.3,58.2,67.9,57.1,7.1,3.6,1.0,10.7,2,0,0,0,2,24.0,Safe
1,17,29.7,22.6,60.3,65.1,64.9,6.6,1.7,3.5,25.4,1,0,2,0,3,20.3,Safe
1,44,25.2,19.6,77.8,93.3,80.8,2.1,28.4,9.2,51.8,0,9,0,1,7,94.4,Disease: Anthracnose
1,23,25.1,20.7,87.8,88.9,77.8,5.0,10.2,10.9,53.8,0,6,0,1,6,90.7,Disease: Anthracnose
1,22,30.7,22.9,52.3,72.1,50.5,8.3,4.4,0.1,14.1,0,0,1,0,1,9.9,Safe
1,54,24.3,19.4,75.1,86.8,90.4,4.9,25.2,11.0,53.7,0,9,0,4,9,91.7,Disease: Anthracnose
0,28,37.6,26.4,25.9,36.6,21.3,11.4,0.0,0.0,85.6,7,0,10,0,0,0.0,Pest: Bean Aphids
1,21,25.2,20.0,75.7,91.7,83.1,3.5,37.8,9.7,47.7,0,7,0,2,6,137.0,Disease: Anthracnose
0,27,36.1,29.2,39.7,48.8,26.3,10.8,0.0,0.0,84.0,7,0,9,0,0,0.0,Pest: Bean Aphids
1,26,24.5,21.5,77.0,89.7,89.7,3.8,10.5,9.6,42.5,0,9,0,1,6,113.3,Disease: Anthracnose
1,44,36.7,28.8,30.4,40.6,16.6,10.5,0.0,0.0,99.8,10,0,10,0,0,0.0,Pest: Bean Aphids
1,60,26.7,20.9,84.1,97.9,87.9,3.3,34.8,8.4,56.2,0,6,0,3,9,130.2,Disease: Anthracnose
0,48,35.9,29.0,28.4,46.5,18.8,11.3,0.0,0.0,77.2,10,0,10,0,0,0.0,Pest: Bean Aphids
0,19,24.9,21.0,85.9,92.3,82.0,4.6,20.0,13.7,40.3,0,7,0,1,9,144.0,Disease: Anthracnose
0,59,27.2,21.4,60.0,60.0,55.0,7.2,0.4,0.9,20.0,0,1,1,0,4,6.9,Safe
0,54,38.5,27.9,43.8,40.4,15.4,9.5,0.0,0.0,91.4,8,0,9,0,0,0.0,Pest: Bean Aphids
1,46,26.3,23.0,63.3,61.3,48.6,7.6,4.9,2.4,21.1,1,3,2,0,4,16.5,Safe
1,44,32.1,23.7,57.4,66.9,50.6,8.2,8.1,4.5,27.4,4,1,0,0,4,17.4,Pest: Bean Pod Borer
1,25,30.2,21.2,58.5,67.6,58.3,8.5,1.3,2.0,12.5,2,0,1,0,3,16.4,Safe
0,35,29.3,20.7,52.8,64.9,46.2,6.8,1.2,3.0,29.1,1,0,1,0,3,18.9,Safe
1,43,34.4,28.1,27.5,41.6,18.8,11.3,0.0,0.0,75.9,7,0,8,0,0,0.0,Pest: Bean Aphids
1,51,38.9,27.0,27.4,48.5,21.7,9.5,0.0,0.0,96.7,10,0,9,0,0,0.0,Pest: Bean Aphids
0,41,27.1,19.8,78.3,96.7,73.5,2.4,31.9,10.1,48.6,0,7,0,2,8,125.1,Disease: Anthracnose
1,35,28.3,21.3,76.3,96.5,76.1,3.4,28.3,10.3,40.6,0,8,0,2,9,94.8,Disease: Anthracnose
1,43,26.9,23.6,57.0,65.0,54.7,8.8,1.4,0.8,21.6,2,2,2,0,1,13.7,Safe
1,25,30.8,20.1,53.7,67.8,62.8,6.4,3.9,2.8,14.3,2,2,2,0,4,9.0,Safe
1,13,30.9,21.3,66.6,63.2,58.3,8.4,3.5,0.2,27.3,0,3,2,0,4,11.0,Safe
1,40,27.2,22.2,57.7,73.8,52.7,8.6,4.3,1.1,25.8,1,2,2,0,3,21.4,Safe
0,25,27.9,19.9,76.7,96.6,88.0,3.8,19.8,9.2,53.5,0,8,0,2,6,102.8,Disease: Anthracnose
1,51,37.6,26.6,34.1,36.8,18.8,9.7,0.0,0.0,98.6,7,0,7,0,0,0.0,Pest: Bean Aphids
0,39,24.5,20.8,88.7,95.0,83.8,4.0,25.6,10.2,44.0,0,7,0,4,7,100.3,Disease: Anthracnose
0,42,26.0,19.7,81.2,97.7,78.3,3.1,19.2,10.9,60.0,0,9,0,2,9,110.1,Disease: Anthracnose
0,27,26.8,22.8,57.7,60.6,51.8,6.6,4.6,1.4,26.4,0,1,0,0,2,13.0,Safe
0,48,33.1,24.4,74.9,69.2,58.5,7.3,4.1,1.6,25.8,3,2,3,0,2,17.4,Pest: Bean Pod Borer
0,51,30.3,25.5,70.0,70.6,55.4,6.5,7.1,3.1,29.7,4,4,2,0,4,22.8,Pest: Bean Pod Borer
1,52,32.7,22.6,61.2,70.1,52.4,6.0,5.9,3.7,21.1,1,4,2,0,2,29.5,Pest: Bean Pod Borer
1,27,34.7,26.1,36.0,47.9,16.0,11.2,0.0,0.0,84.0,9,0,8,0,0,0.0,Pest: Bean Aphids
0,42,36.1,27.3,35.4,45.0,25.6,11.5,0.0,0.0,87.1,9,0,7,0,0,0.0,Pest: Bean Aphids
1,58,40.3,29.8,39.6,36.0,17.0,9.6,0.0,0.0,94.2,8,0,9,0,0,0.0,Pest: Bean Aphids
0,33,37.8,29.0,36.0,44.3,27.9,11.1,0.0,0.0,91.7,10,0,7,0,0,0.0,Pest: Bean Aphids
0,36,33.3,24.9,67.1,65.4,49.6,8.0,8.6,3.3,20.4,3,1,1,0,4,20.4,Pest: Bean Pod Borer
1,50,31.4,24.3,73.0,76.7,54.5,8.2,6.1,4.0,30.1,4,4,3,0,2,27.3,Pest: Bean Pod Borer
1,27,29.0,23.4,57.6,65.3,55.8,7.8,2.6,0.2,24.8,2,0,1,0,1,12.9,Safe
1,50,26.7,21.5,58.7,72.3,62.6,6.5,4.7,0.9,10.3,1,1,1,0,3,9.0,Safe
0,26,27.6,18.7,83.9,97.6,89.2,4.4,16.5,10.2,41.6,0,7,0,3,7,132.3,Disease: Anthracnose
0,12,26.8,21.3,51.0,74.0,55.4,8.0,2.5,2.3,17.2,2,2,2,0,2,24.1,Safe
1,58,25.5,21.0,85.4,86.9,77.3,3.2,29.1,8.2,44.2,0,8,0,2,10,80.8,Disease: Anthracnose
0,42,40.3,28.1,35.3,37.6,12.7,11.0,0.0,0.0,89.1,10,0,8,0,0,0.0,Pest: Bean Aphids
0,27,34.3,27.2,30.3,45.3,24.2,10.1,0.0,0.0,92.5,8,0,10,0,0,0.0,Pest: Bean Aphids
0,50,27.7,22.2,58.8,64.3,51.8,8.6,0.4,3.9,24.6,0,1,2,0,3,16.5,Safe
1,41,35.5,29.8,31.6,48.7,12.4,11.8,0.0,0.0,90.2,7,0,7,0,0,0.0,Pest: Bean Aphids
0,39,33.0,23.4,69.8,65.4,62.8,7.0,1.0,2.4,27.1,3,1,1,0,2,14.7,Pest: Bean Pod Borer
0,39,37.2,29.7,43.7,35.1,21.2,10.7,0.0,0.0,77.5,8,0,9,0,0,0.0,Pest: Bean Aphids
0,37,31.5,24.5,68.4,68.1,61.2,8.7,3.6,2.6,30.9,1,3,1,0,4,13.8,Pest: Bean Pod Borer
1,40,29.3,22.3,74.6,68.9,58.5,7.3,0.2,2.6,20.3,4,4,3,0,4,16.1,Pest: Bean Pod Borer
0,58,30.5,21.2,60.7,68.3,44.4,7.1,1.5,1.1,21.2,1,0,1,0,2,19.3,Safe
1,59,25.8,21.3,88.3,92.8,89.1,3.0,31.3,8.2,56.3,0,7,0,2,7,128.2,Disease: Anthracnose
1,41,29.2,23.1,61.4,71.6,47.4,6.4,2.7,1.1,32.5,1,2,2,0,3,15.4,Pest: Bean Pod Borer
0,44,33.7,25.1,70.3,69.3,47.4,7.5,4.3,1.5,30.7,2,3,0,0,4,27.2,Pest: Bean Pod Borer
0,42,28.9,21.0,85.6,86.3,74.2,2.9,10.9,9.9,41.1,0,8,0,3,9,90.2,Disease: Anthracnose
0,43,37.9,29.8,43.4,35.9,16.3,11.5,0.0,0.0,96.7,8,0,9,0,0,0.0,Pest: Bean Aphids
0,45,30.4,20.6,50.8,68.6,49.9,7.6,0.4,0.8,24.8,2,2,0,0,4,23.1,Safe
0,52,28.1,18.7,84.9,88.4,88.1,3.0,23.6,11.5,44.6,0,9,0,2,6,81.2,Disease: Anthracnose
1,26,30.0,21.2,60.1,64.9,40.2,8.1,1.7,2.9,22.3,0,1,0,0,3,21.7,Safe
0,58,40.2,27.0,36.8,42.1,17.4,9.2,0.0,0.0,90.0,8,0,9,0,0,0.0,Pest: Bean Aphids
0,36,30.5,22.7,67.7,66.0,61.0,8.5,1.2,2.3,20.0,0,2,1,0,1,9.8,Safe
1,28,37.3,28.0,32.9,42.5,21.9,11.5,0.0,0.0,95.2,8,0,8,0,0,0.0,Pest: Bean Aphids
1,52,28.4,22.2,64.5,73.2,54.4,6.7,2.4,1.6,11.9,2,3,1,0,4,13.2,Safe
1,25,36.6,29.6,28.3,40.9,15.5,11.1,0.0,0.0,80.9,7,0,7,0,0,0.0,Pest: Bean Aphids
1,46,27.2,20.3,62.3,65.1,51.1,6.4,2.4,2.7,12.1,0,0,1,0,4,8.6,Safe
1,16,27.1,21.7,88.3,95.3,73.0,4.8,38.1,8.6,53.7,0,10,0,2,6,114.8,Disease: Anthracnose
1,38,32.2,24.0,58.6,79.9,56.8,7.9,2.3,1.5,20.8,2,2,3,0,1,22.3,Pest: Bean Pod Borer
0,47,31.3,24.2,72.1,72.8,63.3,6.0,7.0,3.4,35.6,1,4,1,0,2,21.3,Pest: Bean Pod Borer
0,10,26.6,20.4,64.2,65.8,57.7,8.9,0.4,3.6,27.5,0,3,1,0,3,15.0,Safe
1,51,37.2,30.0,36.7,39.2,20.2,9.6,0.0,0.0,76.3,10,0,10,0,0,0.0,Pest: Bean Aphids
1,21,24.4,20.9,88.8,97.0,89.2,2.6,19.9,9.9,59.9,0,9,0,2,9,88.0,Disease: Anthracnose
1,44,25.7,18.3,87.7,90.6,93.5,3.3,23.2,13.1,40.6,0,7,0,2,8,146.0,Disease: Anthracnose
0,50,38.6,27.0,29.2,46.3,21.9,9.3,0.0,0.0,85.9,7,0,8,0,0,0.0,Pest: Bean Aphids
0,21,28.8,19.1,76.1,89.3,79.0,4.8,12.5,8.3,43.0,0,9,0,3,10,92.7,Disease: Anthracnose
0,38,30.3,20.5,66.2,63.1,58.4,8.1,4.3,2.4,18.6,2,1,0,0,2,21.1,Safe
1,30,26.8,19.6,84.2,90.1,71.3,4.8,22.9,13.6,47.8,0,7,0,4,8,116.2,Disease: Anthracnose
1,27,25.3,18.8,87.7,94.3,94.0,2.3,33.8,11.5,43.3,0,7,0,4,9,141.8,Disease: Anthracnose
0,51,25.8,21.4,89.3,92.5,70.0,2.2,26.1,13.1,59.6,0,8,0,3,7,116.4,Disease: Anthracnose
0,53,25.1,19.4,85.5,97.7,90.5,2.7,18.1,13.0,49.2,0,9,0,4,10,110.5,Disease: Anthracnose
1,51,24.0,20.8,86.6,91.2,80.1,4.2,34.4,8.4,44.5,0,9,0,4,6,119.7,Disease: Anthracnose
0,41,31.6,24.2,68.6,73.3,64.1,7.4,7.1,2.8,25.8,1,4,3,0,2,22.7,Pest: Bean Pod Borer
0,17,26.7,22.9,69.6,72.7,42.6,8.7,2.4,2.3,18.8,2,3,1,0,1,22.3,Safe
1,29,40.3,28.7,37.5,39.3,25.8,9.8,0.0,0.0,87.5,9,0,9,0,0,0.0,Pest: Bean Aphids
1,58,27.5,20.1,75.6,97.3,77.7,3.8,37.0,11.3,52.8,0,6,0,1,6,147.7,Disease: Anthracnose
0,21,24.7,19.0,77.7,86.0,91.1,4.7,16.2,8.6,55.9,0,9,0,1,9,147.1,Disease: Anthracnose
1,49,29.2,24.7,61.3,73.6,63.3,6.9,9.4,2.7,39.7,3,1,0,0,4,27.0,Pest: Bean Pod Borer
1,50,28.3,22.5,67.2,61.1,62.3,7.0,0.2,1.7,15.4,2,1,2,0,1,17.4,Safe
1,52,38.2,27.8,29.4,44.2,23.1,11.7,0.0,0.0,91.5,9,0,10,0,0,0.0,Pest: Bean Aphids
1,23,27.1,20.5,76.4,93.3,84.8,3.7,15.1,11.7,58.0,0,8,0,1,6,85.7,Disease: Anthracnose
1,33,40.7,28.4,29.3,40.4,12.3,10.9,0.0,0.0,76.9,9,0,9,0,0,0.0,Pest: Bean Aphids
1,52,26.7,19.2,87.2,89.2,76.1,3.4,16.4,12.0,49.6,0,7,0,1,7,107.2,Disease: Anthracnose
0,60,37.2,30.0,40.4,45.4,22.0,11.3,0.0,0.0,81.4,7,0,9,0,0,0.0,Pest: Bean Aphids
1,27,26.6,21.5,67.8,71.1,62.4,7.2,4.9,2.0,20.0,2,2,0,0,4,6.6,Safe
1,33,39.4,27.7,37.8,42.5,21.3,9.9,0.0,0.0,98.9,10,0,8,0,0,0.0,Pest: Bean Aphids
0,45,25.7,19.8,84.7,88.8,71.6,4.6,17.0,13.7,52.9,0,9,0,3,8,114.0,Disease: Anthracnose
1,20,28.4,21.2,89.9,87.9,87.2,4.9,37.5,9.2,46.6,0,6,0,1,6,113.6,Disease: Anthracnose
0,35,25.6,20.3,80.8,94.7,75.9,3.3,14.3,9.1,59.4,0,9,0,4,8,140.4,Disease: Anthracnose
1,15,27.7,20.9,78.7,89.3,84.5,4.7,27.8,8.9,51.5,0,6,0,4,6,82.8,Disease: Anthracnose
0,29,28.8,22.6,56.6,61.9,57.6,8.8,5.0,3.6,11.9,2,3,2,0,3,5.4,Safe
0,23,40.1,28.2,32.4,39.7,23.0,10.7,0.0,0.0,90.7,9,0,10,0,0,0.0,Pest: Bean Aphids
0,35,27.0,20.0,89.4,90.9,90.3,4.5,39.5,8.5,52.9,0,6,0,2,9,149.4,Disease: Anthracnose
0,30,27.7,22.6,65.4,62.5,48.7,8.5,4.0,2.5,18.8,0,1,2,0,3,8.1,Safe
0,32,28.3,21.5,63.1,66.5,55.0,7.1,2.6,1.9,28.7,1,0,1,0,3,8.9,Safe
1,40,24.8,21.3,87.8,88.6,74.7,3.8,25.0,10.6,57.0,0,9,0,1,8,147.3,Disease: Anthracnose
0,28,26.2,18.5,88.7,88.4,76.0,3.9,26.7,8.3,56.9,0,7,0,4,6,83.0,Disease: Anthracnose
0,20,24.8,18.2,86.2,92.2,82.3,4.6,38.9,10.5,50.2,0,7,0,4,9,116.1,Disease: Anthracnose
1,38,24.1,18.5,76.8,93.3,92.7,2.7,27.6,13.9,49.6,0,6,0,2,9,113.9,Disease: Anthracnose
1,49,29.0,23.4,63.7,70.4,62.4,6.6,1.9,1.2,27.9,3,1,1,0,2,29.0,Pest: Bean Pod Borer
0,58,36.6,26.6,41.6,46.6,24.6,9.5,0.0,0.0,85.9,10,0,9,0,0,0.0,Pest: Bean Aphids
1,51,30.7,23.0,56.3,65.3,56.1,7.8,0.1,3.8,21.2,1,1,2,0,1,20.3,Pest: Bean Pod Borer
0,41,27.9,23.2,62.9,67.5,64.1,8.4,4.8,0.1,16.8,1,0,1,0,1,9.2,Safe
0,46,25.1,18.0,78.3,88.0,85.6,2.7,32.0,13.7,46.6,0,9,0,2,9,92.9,Disease: Anthracnose
0,50,31.9,24.0,70.9,66.4,49.4,8.1,3.1,3.3,29.5,3,4,2,0,3,24.1,Pest: Bean Pod Borer
1,41,36.0,28.4,42.6,43.3,19.3,9.6,0.0,0.0,81.0,10,0,10,0,0,0.0,Pest: Bean Aphids
0,39,27.8,21.7,78.8,97.5,81.2,3.2,31.8,13.9,51.9,0,10,0,2,8,80.5,Disease: Anthracnose
0,50,28.6,23.7,74.2,66.7,63.8,6.4,3.1,2.8,24.1,4,3,3,0,1,18.8,Pest: Bean Pod Borer
0,51,24.3,20.5,85.7,93.6,83.0,2.9,22.1,12.1,51.1,0,8,0,3,8,80.6,Disease: Anthracnose
1,10,30.9,20.2,65.1,68.8,59.4,6.2,0.3,1.7,13.2,0,1,2,0,2,21.7,Safe
1,57,26.7,18.6,82.4,89.1,92.8,5.0,28.2,11.1,53.8,0,6,0,2,6,93.2,Disease: Anthracnose
0,31,29.2,20.2,59.0,63.3,61.9,7.6,3.9,0.4,29.4,2,2,0,0,1,24.0,Safe
1,48,28.7,22.5,61.5,70.8,47.3,6.0,1.8,2.3,13.7,2,0,2,0,3,6.4,Safe
1,25,34.0,28.6,30.5,37.6,18.3,10.7,0.0,0.0,97.9,8,0,8,0,0,0.0,Pest: Bean Aphids
1,28,38.9,26.5,27.9,39.8,14.5,11.5,0.0,0.0,84.8,8,0,9,0,0,0.0,Pest: Bean Aphids
1,42,27.3,21.4,67.2,68.2,63.8,6.1,2.2,3.7,17.7,1,3,1,0,4,5.7,Safe
1,15,26.4,23.6,55.8,74.3,42.7,6.8,3.5,2.0,27.5,2,0,1,0,4,24.4,Safe
0,35,37.8,28.7,30.5,42.4,25.0,11.9,0.0,0.0,81.1,8,0,10,0,0,0.0,Pest: Bean Aphids
0,59,40.4,29.8,43.6,43.2,17.0,10.3,0.0,0.0,77.9,7,0,9,0,0,0.0,Pest: Bean Aphids
1,35,26.4,23.1,59.9,60.7,47.5,9.0,2.5,2.6,28.2,1,0,0,0,2,6.0,Safe
1,49,25.4,20.2,79.9,94.2,77.2,2.8,35.7,13.9,53.6,0,6,0,2,9,144.3,Disease: Anthracnose
1,41,29.1,22.2,62.7,67.9,58.9,8.7,6.3,2.4,21.7,4,2,1,0,1,13.9,Pest: Bean Pod Borer
1,39,33.7,24.9,66.0,72.3,50.3,8.7,9.2,1.3,33.3,3,1,0,0,2,26.1,Pest: Bean Pod Borer
1,56,24.9,18.6,79.7,93.8,82.0,2.8,38.7,9.1,48.0,0,10,0,1,9,136.4,Disease: Anthracnose
1,14,30.9,22.6,61.6,61.7,41.0,6.6,1.5,3.0,17.8,1,0,2,0,1,7.3,Safe
1,24,26.5,23.1,64.2,65.3,60.9,6.7,3.2,3.4,23.9,0,3,0,0,2,5.3,Safe
1,35,29.7,22.3,65.1,77.8,50.6,6.4,2.8,4.4,20.3,1,2,1,0,4,17.4,Pest: Bean Pod Borer
0,28,29.0,21.7,63.7,74.5,41.9,7.4,1.2,1.5,24.9,2,1,1,0,1,11.0,Safe
0,47,33.2,22.9,58.9,72.1,54.7,6.6,5.0,1.5,32.7,1,2,0,0,4,11.3,Pest: Bean Pod Borer
1,41,28.9,21.7,86.4,88.6,94.1,4.9,23.6,8.8,48.3,0,10,0,3,10,140.2,Disease: Anthracnose
0,60,39.6,29.5,42.0,49.5,25.9,9.6,0.0,0.0,77.0,10,0,7,0,0,0.0,Pest: Bean Aphids
1,52,29.2,23.6,66.4,73.4,64.9,7.6,2.4,2.1,28.6,1,1,3,0,4,17.3,Pest: Bean Pod Borer
1,50,30.9,25.5,73.0,67.5,45.0,7.2,9.3,4.1,25.7,4,2,1,0,3,14.4,Pest: Bean Pod Borer
0,21,30.4,20.8,59.7,61.5,54.3,8.5,3.3,2.1,24.0,1,0,1,0,2,17.1,Safe
0,43,36.3,26.9,39.7,49.1,10.6,9.1,0.0,0.0,98.5,7,0,10,0,0,0.0,Pest: Bean Aphids
0,28,34.3,26.3,38.7,38.0,24.8,9.4,0.0,0.0,89.9,9,0,7,0,0,0.0,Pest: Bean Aphids
1,47,30.7,24.5,72.6,66.4,55.3,6.8,9.4,2.5,39.0,3,1,0,0,4,22.7,Pest: Bean Pod Borer
0,40,28.3,22.6,57.6,77.9,61.7,7.7,2.8,2.0,23.5,1,2,1,0,1,11.3,Pest: Bean Pod Borer
0,47,34.9,27.2,43.0,46.9,25.5,11.7,0.0,0.0,80.3,8,0,7,0,0,0.0,Pest: Bean Aphids
0,39,29.7,21.4,50.7,71.5,48.1,8.7,4.1,3.0,26.9,0,2,1,0,2,7.4,Safe
1,34,34.7,29.2,35.1,44.5,24.1,11.5,0.0,0.0,90.7,9,0,8,0,0,0.0,Pest: Bean Aphids
1,41,24.3,18.4,86.5,96.0,88.3,4.7,29.2,10.0,53.3,0,8,0,3,6,80.9,Disease: Anthracnose
1,24,30.9,22.0,64.2,73.6,52.1,7.8,0.4,0.8,29.3,2,0,0,0,2,23.4,Safe
1,44,29.6,24.8,62.3,73.0,52.0,6.4,1.4,2.1,35.6,4,3,1,0,1,14.4,Pest: Bean Pod Borer
1,41,28.0,22.6,56.3,71.0,61.2,7.6,9.1,4.5,29.2,1,1,2,0,4,16.9,Pest: Bean Pod Borer
0,43,25.2,20.3,86.4,88.4,83.3,2.9,10.7,12.6,41.4,0,8,0,3,9,132.3,Disease: Anthracnose
0,35,34.0,22.8,67.9,77.1,46.8,8.5,8.1,1.5,38.8,1,2,3,0,4,19.9,Pest: Bean Pod Borer
1,29,40.6,28.4,40.8,35.1,24.2,10.6,0.0,0.0,95.5,7,0,8,0,0,0.0,Pest: Bean Aphids
1,26,28.8,19.4,86.5,87.5,95.0,2.5,18.9,12.7,50.2,0,10,0,1,8,141.3,Disease: Anthracnose
0,43,40.4,26.8,25.3,35.4,10.3,11.5,0.0,0.0,92.0,7,0,8,0,0,0.0,Pest: Bean Aphids
0,39,27.8,23.0,55.2,65.7,56.0,7.1,3.4,1.9,22.4,2,2,2,0,2,18.0,Safe
1,51,38.8,29.5,44.4,37.5,23.5,10.2,0.0,0.0,94.5,10,0,9,0,0,0.0,Pest: Bean Aphids
0,43,30.8,22.4,61.3,60.3,58.0,8.0,1.4,0.3,19.0,1,3,0,0,2,21.6,Safe
0,27,29.6,23.6,50.9,72.7,44.4,6.0,2.6,0.6,19.4,0,0,2,0,2,22.3,Safe
1,28,35.5,29.9,33.5,46.4,12.0,9.1,0.0,0.0,87.1,10,0,7,0,0,0.0,Pest: Bean Aphids
1,18,27.2,20.8,76.2,96.0,86.1,3.0,39.3,13.8,57.9,0,6,0,2,7,143.1,Disease: Anthracnose
0,36,34.0,25.4,63.5,66.6,59.2,7.3,9.0,2.3,23.0,2,3,2,0,4,29.9,Pest: Bean Pod Borer
1,30,40.7,27.9,44.9,38.6,26.3,9.8,0.0,0.0,92.1,9,0,7,0,0,0.0,Pest: Bean Aphids
0,52,34.4,27.1,36.8,40.7,22.2,11.3,0.0,0.0,82.1,7,0,7,0,0,0.0,Pest: Bean Aphids
1,33,28.7,20.7,59.4,74.8,41.8,7.8,0.1,0.9,28.5,1,2,2,0,4,13.5,Safe
1,37,29.7,25.7,62.6,77.3,45.6,6.5,2.2,4.0,35.9,3,2,2,0,3,29.1,Pest: Bean Pod Borer
1,39,30.3,21.9,67.3,68.8,63.6,6.2,4.4,2.0,27.3,1,2,1,0,1,22.4,Safe
1,52,34.0,22.1,63.0,72.7,59.5,8.8,9.1,4.5,24.6,1,1,3,0,3,21.1,Pest: Bean Pod Borer
0,46,29.0,19.9,88.2,91.5,72.3,3.2,23.7,9.4,51.7,0,6,0,1,8,114.6,Disease: Anthracnose
0,47,32.1,22.1,64.9,77.5,53.2,8.9,5.8,1.2,21.3,3,3,3,0,2,26.0,Pest: Bean Pod Borer
0,19,27.5,21.6,53.4,69.2,48.1,6.1,0.3,1.6,16.4,1,2,1,0,4,23.8,Safe
1,31,28.3,19.0,79.1,92.3,77.7,3.3,39.3,13.7,49.8,0,8,0,4,9,91.4,Disease: Anthracnose
1,38,32.1,26.0,58.0,79.3,53.5,8.5,9.3,1.4,39.5,2,1,0,0,3,21.9,Pest: Bean Pod Borer
1,45,39.7,29.8,41.1,39.4,15.2,11.1,0.0,0.0,83.7,10,0,9,0,0,0.0,Pest: Bean Aphids
0,30,27.2,20.5,59.0,62.1,41.3,8.8,4.3,1.7,29.3,0,2,2,0,3,8.8,Safe
1,17,26.2,22.0,83.4,91.0,72.8,4.2,14.4,10.1,44.1,0,8,0,2,7,132.5,Disease: Anthracnose
1,29,26.6,18.7,77.2,86.2,77.6,4.2,23.6,12.4,59.8,0,8,0,4,8,105.5,Disease: Anthracnose
1,34,28.2,20.3,84.9,96.2,81.2,3.5,20.0,12.6,47.5,0,8,0,2,7,120.0,Disease: Anthracnose
0,38,31.5,25.2,74.1,73.6,47.3,8.3,3.6,3.7,38.1,4,4,0,0,3,22.9,Pest: Bean Pod Borer
0,25,26.4,21.5,53.1,72.0,59.5,8.6,0.0,0.1,26.1,2,0,0,0,4,17.6,Safe
1,54,25.8,19.3,78.0,94.9,90.2,2.2,37.7,12.6,51.4,0,6,0,4,6,111.9,Disease: Anthracnose
0,50,26.3,22.7,65.5,73.0,50.6,6.3,2.7,2.8,29.5,1,0,2,0,2,5.5,Safe
1,48,36.4,29.9,30.0,47.9,12.1,9.2,0.0,0.0,87.3,7,0,8,0,0,0.0,Pest: Bean Aphids
0,30,26.6,19.6,86.0,92.3,82.9,3.9,11.5,9.7,48.0,0,8,0,3,9,91.7,Disease: Anthracnose
0,49,33.2,25.1,61.2,66.3,54.1,7.1,2.9,4.1,34.8,2,4,2,0,4,30.0,Pest: Bean Pod Borer
0,52,30.6,25.6,73.7,76.9,58.9,6.5,0.5,2.9,20.7,3,3,2,0,1,10.8,Pest: Bean Pod Borer
0,31,36.2,26.9,32.2,38.0,27.5,9.8,0.0,0.0,90.1,7,0,8,0,0,0.0,Pest: Bean Aphids
1,31,30.9,23.6,57.5,74.1,47.4,6.1,1.8,1.2,13.0,2,0,0,0,2,21.2,Safe
1,49,29.1,24.7,58.7,67.6,55.3,7.1,4.3,3.2,22.6,3,1,2,0,4,24.2,Pest: Bean Pod Borer
0,37,31.0,22.1,58.6,74.1,51.5,6.9,6.2,4.0,33.2,4,4,1,0,3,23.2,Pest: Bean Pod Borer
0,36,33.7,23.0,63.2,74.1,62.5,8.9,5.3,2.6,22.3,3,4,1,0,3,14.9,Pest: Bean Pod Borer
0,35,26.5,20.7,54.3,63.8,61.0,6.3,3.7,1.0,17.2,2,2,1,0,1,13.2,Safe
1,36,26.4,21.0,75.3,93.9,78.9,2.9,39.9,13.9,45.5,0,6,0,3,9,142.3,Disease: Anthracnose
0,50,36.4,28.8,44.5,43.0,21.1,9.2,0.0,0.0,90.7,9,0,9,0,0,0.0,Pest: Bean Aphids
1,26,28.6,20.2,84.6,85.8,70.8,4.5,38.4,12.0,55.3,0,9,0,2,7,84.8,Disease: Anthracnose
1,43,27.9,23.8,59.2,68.0,53.7,8.0,4.3,2.7,26.1,1,3,0,0,2,10.6,Safe
1,41,38.5,26.4,43.3,39.6,18.4,9.6,0.0,0.0,75.5,10,0,10,0,0,0.0,Pest: Bean Aphids
1,58,39.2,28.3,30.8,36.9,22.4,11.1,0.0,0.0,98.6,10,0,10,0,0,0.0,Pest: Bean Aphids
0,41,25.5,20.9,89.4,88.8,74.5,4.7,38.8,8.0,55.3,0,6,0,4,9,139.9,Disease: Anthracnose
0,50,29.5,24.5,61.5,77.4,54.7,6.4,2.7,2.3,39.7,2,2,0,0,3,24.7,Pest: Bean Pod Borer
0,53,35.5,27.2,26.2,49.2,25.8,11.7,0.0,0.0,90.6,10,0,10,0,0,0.0,Pest: Bean Aphids
0,57,35.3,26.7,34.9,40.1,18.4,9.3,0.0,0.0,92.8,10,0,8,0,0,0.0,Pest: Bean Aphids
1,42,28.4,22.8,61.7,77.5,59.8,7.2,1.2,3.7,30.9,3,2,0,0,2,16.7,Pest: Bean Pod Borer
1,35,24.4,20.8,83.2,94.4,80.2,3.8,19.7,8.3,56.3,0,8,0,2,8,92.4,Disease: Anthracnose
0,18,28.4,21.3,61.2,69.7,48.7,8.7,3.7,0.1,17.6,2,1,1,0,1,14.7,Safe
0,46,33.3,25.5,62.4,67.4,61.7,8.1,6.1,4.9,33.1,1,3,0,0,2,15.3,Pest: Bean Pod Borer
1,27,27.2,20.5,77.1,93.1,95.0,3.8,32.0,13.7,46.5,0,7,0,2,10,123.8,Disease: Anthracnose
1,20,37.3,27.4,34.4,45.3,22.6,11.7,0.0,0.0,91.7,10,0,8,0,0,0.0,Pest: Bean Aphids
1,28,30.1,21.8,68.5,62.7,47.2,7.6,1.7,1.9,13.4,0,3,2,0,4,24.5,Safe
1,40,30.3,22.5,69.4,74.5,64.5,6.6,1.3,3.8,21.2,2,1,3,0,4,18.4,Pest: Bean Pod Borer
0,27,25.0,19.5,80.6,92.8,94.4,2.7,11.4,11.7,43.8,0,10,0,3,7,102.9,Disease: Anthracnose
1,29,29.6,24.0,54.0,70.8,41.1,6.6,2.8,1.0,27.5,2,2,1,0,4,17.6,Safe
1,30,38.2,29.9,39.4,46.7,12.9,9.9,0.0,0.0,89.5,9,0,10,0,0,0.0,Pest: Bean Aphids
1,52,32.9,23.5,71.5,65.6,59.4,7.6,9.9,1.4,36.6,2,3,0,0,4,15.3,Pest: Bean Pod Borer
0,22,28.2,20.7,77.2,86.2,82.8,4.2,13.0,9.5,44.6,0,8,0,3,9,83.5,Disease: Anthracnose
1,51,29.0,21.7,64.5,63.4,46.6,8.8,4.2,1.5,16.1,2,2,2,0,3,14.0,Safe
1,41,28.6,22.1,55.2,76.6,48.1,7.9,5.4,4.9,31.4,1,2,3,0,3,13.7,Pest: Bean Pod Borer
1,27,36.4,27.6,27.6,48.2,25.1,11.6,0.0,0.0,90.0,8,0,7,0,0,0.0,Pest: Bean Aphids
1,28,40.2,26.5,39.8,49.2,12.7,10.3,0.0,0.0,91.8,9,0,7,0,0,0.0,Pest: Bean Aphids
1,37,34.3,26.3,43.5,48.5,20.1,9.1,0.0,0.0,98.2,9,0,7,0,0,0.0,Pest: Bean Aphids
0,52,33.0,25.6,70.5,74.7,55.4,7.1,0.4,3.1,24.6,4,4,2,0,1,18.5,Pest: Bean Pod Borer
1,55,35.9,26.4,26.0,39.8,23.5,9.5,0.0,0.0,95.2,10,0,10,0,0,0.0,Pest: Bean Aphids
0,24,28.6,18.0,87.9,94.5,79.4,3.2,22.5,10.4,54.8,0,9,0,4,8,124.9,Disease: Anthracnose
1,38,30.0,25.3,61.7,74.1,47.2,8.2,0.7,4.7,39.0,4,4,3,0,3,25.2,Pest: Bean Pod Borer
0,40,24.6,21.6,78.7,92.7,85.5,3.3,27.5,11.1,58.7,0,7,0,3,7,98.6,Disease: Anthracnose
1,41,29.2,24.2,73.7,75.4,47.7,7.8,5.9,2.0,33.4,2,2,0,0,1,18.3,Pest: Bean Pod Borer
1,38,39.7,28.2,34.1,46.6,19.1,11.2,0.0,0.0,97.1,9,0,8,0,0,0.0,Pest: Bean Aphids
1,41,29.1,25.7,62.9,71.9,60.6,8.2,1.1,2.7,38.5,1,4,3,0,2,29.3,Pest: Bean Pod Borer
1,15,26.8,21.6,78.0,94.4,84.5,2.4,29.9,12.9,54.7,0,8,0,1,7,142.8,Disease: Anthracnose
0,40,29.1,23.2,67.8,69.7,58.9,6.5,3.0,1.2,25.5,1,0,1,0,1,16.2,Safe
0,23,35.7,29.7,27.3,44.2,11.0,11.0,0.0,0.0,91.5,8,0,7,0,0,0.0,Pest: Bean Aphids
1,44,30.7,24.8,58.2,71.2,54.3,7.0,1.4,4.4,26.4,3,4,1,0,3,20.3,Pest: Bean Pod Borer
0,13,27.9,22.1,64.0,74.7,45.5,7.3,0.3,1.7,11.0,0,2,1,0,3,23.9,Safe
0,45,34.1,26.8,41.6,35.1,17.6,10.6,0.0,0.0,83.6,7,0,10,0,0,0.0,Pest: Bean Aphids
1,14,30.0,21.6,69.4,72.4,52.4,7.0,1.4,2.2,12.6,1,2,2,0,1,5.9,Safe
0,15,27.4,19.5,76.5,89.7,91.5,2.6,17.9,9.6,59.2,0,8,0,3,7,114.9,Disease: Anthracnose
1,36,28.9,23.2,59.6,76.6,49.9,6.8,1.2,4.1,33.1,2,3,0,0,1,11.5,Pest: Bean Pod Borer
1,14,26.2,23.4,53.2,61.4,42.7,8.8,2.4,3.0,29.6,2,1,0,0,2,19.6,Safe
1,36,29.4,22.4,55.2,71.2,60.1,8.4,5.4,1.2,36.0,2,1,0,0,1,12.5,Pest: Bean Pod Borer
0,44,28.1,18.8,76.6,87.7,84.8,3.6,35.8,12.6,46.2,0,9,0,2,10,87.4,Disease: Anthracnose
0,40,29.3,24.3,65.3,73.0,48.9,6.1,3.8,1.2,24.6,2,1,0,0,3,11.6,Pest: Bean Pod Borer
0,23,27.6,22.0,88.2,87.7,82.6,4.4,36.5,13.7,52.7,0,9,0,3,7,126.4,Disease: Anthracnose
1,18,26.0,21.8,66.0,70.2,49.9,7.6,2.0,2.1,29.2,2,2,2,0,4,20.0,Safe
1,26,25.5,20.8,76.9,85.6,71.4,2.9,38.3,11.8,55.1,0,6,0,1,10,99.9,Disease: Anthracnose
1,17,25.4,22.0,84.9,93.6,78.3,2.1,36.2,13.6,40.2,0,10,0,1,8,106.6,Disease: Anthracnose
1,42,24.9,20.3,80.7,95.0,77.4,2.7,12.2,9.6,47.6,0,7,0,4,8,105.2,Disease: Anthracnose
0,36,33.0,23.0,62.9,65.2,54.6,8.6,1.9,4.5,39.4,4,4,1,0,4,22.4,Pest: Bean Pod Borer
1,38,30.1,25.4,67.3,77.2,59.1,6.9,6.1,1.3,22.7,1,2,2,0,1,13.7,Pest: Bean Pod Borer
0,47,29.7,20.2,56.3,60.8,51.9,8.8,2.7,0.2,20.2,0,0,2,0,1,18.5,Safe
0,50,33.2,22.1,63.7,71.2,62.2,7.0,2.6,1.5,22.0,2,3,1,0,2,15.1,Pest: Bean Pod Borer
0,58,27.0,20.8,63.2,62.4,44.3,6.2,0.0,1.8,21.9,1,0,0,0,3,19.1,Safe
0,50,30.6,23.3,57.8,66.8,60.2,9.0,0.4,1.3,22.1,3,2,0,0,4,14.1,Pest: Bean Pod Borer
0,27,30.7,21.2,57.6,68.5,44.0,6.2,1.1,0.8,18.5,1,0,1,0,4,18.1,Safe
0,51,29.2,25.9,62.5,79.8,60.6,7.6,4.2,4.6,29.0,1,4,2,0,2,10.0,Pest: Bean Pod Borer
0,29,28.1,22.4,59.6,69.2,41.0,7.5,0.2,1.3,10.6,2,3,1,0,1,13.5,Safe
0,41,28.6,22.6,51.7,67.0,42.0,8.4,1.5,3.9,23.7,1,1,2,0,4,10.9,Safe
1,38,30.9,23.9,59.2,67.4,61.7,6.1,0.4,3.3,23.2,1,2,0,0,2,15.2,Pest: Bean Pod Borer
0,53,40.5,28.0,33.0,35.8,22.6,9.3,0.0,0.0,86.8,9,0,7,0,0,0.0,Pest: Bean Aphids
0,56,28.6,20.9,80.0,86.2,80.1,4.1,30.6,12.8,47.6,0,9,0,2,8,92.8,Disease: Anthracnose
1,17,26.0,21.5,85.4,85.6,81.9,2.8,21.2,10.0,55.9,0,8,0,3,9,140.1,Disease: Anthracnose
1,42,39.1,27.3,37.1,42.7,16.9,10.7,0.0,0.0,81.4,10,0,7,0,0,0.0,Pest: Bean Aphids
0,58,40.9,26.1,31.2,46.7,25.4,9.6,0.0,0.0,85.3,7,0,8,0,0,0.0,Pest: Bean Aphids
0,33,24.9,21.0,75.1,94.4,93.1,4.8,35.5,10.8,54.0,0,7,0,4,6,92.7,Disease: Anthracnose
0,35,28.2,22.5,58.7,76.6,46.4,6.8,9.5,2.7,27.2,4,1,2,0,3,17.8,Pest: Bean Pod Borer
0,33,28.3,23.8,54.3,64.5,42.8,8.4,3.9,3.7,18.9,0,3,2,0,2,8.8,Safe
1,52,26.8,19.4,87.6,88.4,90.8,2.3,10.8,8.3,57.1,0,7,0,2,7,127.4,Disease: Anthracnose
1,29,27.3,21.1,84.8,94.8,93.7,2.6,10.6,8.9,42.5,0,6,0,2,9,129.0,Disease: Anthracnose
0,56,24.2,19.1,79.2,93.5,94.7,3.0,35.1,11.6,58.4,0,9,0,4,9,133.0,Disease: Anthracnose
0,25,35.5,26.6,36.6,46.3,24.6,11.3,0.0,0.0,91.5,10,0,9,0,0,0.0,Pest: Bean Aphids
1,37,29.0,21.8,89.5,92.8,88.7,2.1,17.6,11.7,46.1,0,9,0,3,7,147.8,Disease: Anthracnose
0,45,33.6,23.3,59.8,67.9,64.4,6.6,3.3,3.7,25.6,4,2,1,0,3,13.8,Pest: Bean Pod Borer
1,29,38.1,29.7,25.7,48.6,16.9,9.1,0.0,0.0,79.9,8,0,7,0,0,0.0,Pest: Bean Aphids
1,13,26.4,21.1,69.7,61.6,54.9,8.5,2.8,2.8,27.3,0,0,2,0,2,15.3,Safe
0,39,24.2,19.8,78.0,95.0,84.8,2.4,39.1,11.0,51.6,0,10,0,1,7,133.0,Disease: Anthracnose
1,37,39.8,28.3,27.4,45.1,10.9,9.7,0.0,0.0,87.9,7,0,10,0,0,0.0,Pest: Bean Aphids
0,52,35.3,29.3,42.7,42.7,12.6,11.0,0.0,0.0,94.4,8,0,9,0,0,0.0,Pest: Bean Aphids
1,39,28.9,22.1,68.8,72.2,55.7,8.3,3.3,0.1,21.3,0,2,0,0,3,23.4,Safe
0,37,28.4,25.6,64.5,71.7,52.4,7.6,5.9,3.1,27.9,3,4,3,0,4,23.8,Pest: Bean Pod Borer
1,45,27.6,21.7,81.9,89.4,76.4,2.2,13.7,10.3,51.0,0,9,0,1,6,93.2,Disease: Anthracnose
1,38,39.8,26.1,33.5,40.7,20.0,11.2,0.0,0.0,94.9,10,0,9,0,0,0.0,Pest: Bean Aphids
0,51,29.7,24.8,71.3,70.5,57.4,8.0,4.8,2.7,23.8,3,1,2,0,1,29.4,Pest: Bean Pod Borer
1,55,28.7,21.3,66.0,68.7,44.3,8.2,4.4,2.6,14.1,2,2,0,0,4,12.5,Safe
1,40,36.0,28.8,34.8,43.6,14.4,10.1,0.0,0.0,95.4,10,0,9,0,0,0.0,Pest: Bean Aphids
1,20,27.8,21.0,60.3,74.7,62.6,6.1,1.6,0.7,23.0,2,2,1,0,4,24.9,Safe
1,32,27.3,21.6,57.5,66.1,54.1,9.0,1.1,2.7,27.0,2,0,0,0,4,12.6,Safe
1,34,27.1,20.2,86.9,94.0,71.2,3.7,16.5,13.6,45.5,0,7,0,3,10,127.0,Disease: Anthracnose
0,44,28.6,18.7,85.1,86.5,86.7,4.4,20.3,12.4,47.4,0,9,0,3,10,119.1,Disease: Anthracnose
1,43,31.0,25.6,70.7,65.9,60.4,6.8,3.2,2.6,28.8,4,3,0,0,3,19.7,Pest: Bean Pod Borer
0,37,28.4,23.6,69.3,72.2,53.2,7.2,5.7,1.5,26.3,1,4,3,0,3,12.6,Pest: Bean Pod Borer
0,34,34.9,29.9,33.9,47.4,14.8,10.3,0.0,0.0,91.1,8,0,10,0,0,0.0,Pest: Bean Aphids
0,35,28.5,22.0,51.1,64.1,42.4,7.9,3.7,1.7,15.9,1,1,2,0,3,15.6,Safe
1,41,28.3,22.8,55.8,79.0,55.3,9.0,5.4,2.0,35.1,2,3,2,0,1,27.3,Pest: Bean Pod Borer
1,24,28.7,21.7,77.3,97.6,83.7,3.5,29.4,9.8,57.9,0,10,0,2,10,131.0,Disease: Anthracnose
1,44,30.7,22.7,73.5,75.7,50.7,8.9,8.4,3.8,33.3,2,2,1,0,1,10.8,Pest: Bean Pod Borer
0,47,34.7,28.8,35.4,37.9,20.0,11.5,0.0,0.0,90.7,7,0,8,0,0,0.0,Pest: Bean Aphids
0,26,36.8,28.2,34.2,37.2,27.0,11.5,0.0,0.0,87.5,10,0,8,0,0,0.0,Pest: Bean Aphids
1,48,27.0,22.0,53.5,71.2,60.9,6.0,1.4,1.4,16.8,2,0,2,0,4,6.8,Safe
0,11,27.6,20.9,64.6,74.1,46.7,7.4,4.8,1.4,21.0,1,3,2,0,4,13.7,Safe
0,46,31.3,22.3,65.1,76.5,50.6,9.0,6.8,1.5,39.5,4,3,2,0,3,25.1,Pest: Bean Pod Borer
1,50,24.2,18.4,78.8,86.5,89.3,4.6,34.7,8.0,57.4,0,9,0,4,6,93.1,Disease: Anthracnose
1,35,28.1,24.9,65.7,69.3,55.0,8.1,4.3,4.8,23.6,1,2,1,0,2,22.4,Pest: Bean Pod Borer
0,52,29.4,22.5,65.6,66.4,52.2,8.3,5.4,1.9,35.4,2,3,0,0,2,12.3,Pest: Bean Pod Borer
0,53,25.8,21.3,83.2,89.9,92.5,4.2,26.2,9.9,52.8,0,9,0,2,10,108.1,Disease: Anthracnose
1,42,33.8,22.4,68.1,69.0,61.3,8.8,0.6,5.0,24.4,4,3,1,0,2,14.7,Pest: Bean Pod Borer
0,51,40.1,26.5,44.4,41.1,19.4,9.0,0.0,0.0,86.3,8,0,10,0,0,0.0,Pest: Bean Aphids
0,49,28.1,23.5,63.4,79.4,47.0,7.1,3.1,1.3,38.9,3,2,0,0,4,27.5,Pest: Bean Pod Borer
1,45,40.7,29.1,39.3,41.8,20.4,9.1,0.0,0.0,94.3,10,0,9,0,0,0.0,Pest: Bean Aphids
1,42,29.8,22.0,52.1,69.4,61.0,7.5,1.0,1.5,13.2,2,0,2,0,3,14.8,Safe
0,47,31.3,23.4,59.4,78.5,50.6,8.3,6.3,3.7,33.7,3,4,1,0,4,19.9,Pest: Bean Pod Borer
0,39,26.9,21.0,56.5,66.8,48.4,8.6,1.4,3.8,18.4,0,3,0,0,1,25.0,Safe
1,49,28.6,22.7,61.0,73.2,55.7,7.5,0.9,2.0,23.2,2,3,1,0,4,23.7,Safe
1,44,30.4,25.4,73.3,66.9,52.3,8.5,9.5,2.5,33.6,4,3,0,0,1,24.8,Pest: Bean Pod Borer
1,36,25.8,18.2,78.3,90.9,84.0,3.9,24.2,11.9,54.3,0,6,0,1,7,80.2,Disease: Anthracnose
1,42,31.3,25.4,58.9,77.0,59.8,7.4,0.1,2.7,22.7,3,4,2,0,3,21.2,Pest: Bean Pod Borer
0,47,37.6,28.3,37.3,36.5,15.1,9.4,0.0,0.0,81.8,10,0,8,0,0,0.0,Pest: Bean Aphids
1,36,31.9,25.7,69.7,68.6,45.7,8.4,6.3,3.7,33.9,2,3,3,0,2,15.1,Pest: Bean Pod Borer
0,40,28.0,24.3,66.8,65.1,63.6,7.5,5.0,3.9,25.2,2,3,2,0,1,13.4,Pest: Bean Pod Borer
0,38,26.0,20.1,57.2,69.6,53.9,7.2,2.9,0.3,27.9,2,2,0,0,4,8.6,Safe
1,52,29.7,25.4,60.2,76.4,52.9,8.7,2.0,1.3,36.9,2,2,0,0,4,19.6,Pest: Bean Pod Borer
0,59,40.1,29.4,33.9,38.4,21.4,11.1,0.0,0.0,84.2,8,0,8,0,0,0.0,Pest: Bean Aphids
0,29,39.4,27.0,34.4,40.6,16.6,11.7,0.0,0.0,88.4,9,0,7,0,0,0.0,Pest: Bean Aphids
0,59,28.2,19.0,76.4,93.8,90.5,2.2,37.9,10.9,47.1,0,10,0,3,7,146.3,Disease: Anthracnose
0,54,34.8,27.9,43.8,43.7,27.3,9.6,0.0,0.0,93.6,8,0,9,0,0,0.0,Pest: Bean Aphids
0,20,35.5,27.8,26.2,44.6,26.8,11.7,0.0,0.0,91.5,7,0,7,0,0,0.0,Pest: Bean Aphids
1,47,26.1,22.0,68.4,73.3,64.1,8.8,1.0,3.9,25.0,0,2,0,0,1,11.2,Safe
0,52,28.9,21.9,61.9,62.4,43.7,6.4,1.2,0.0,26.6,1,1,0,0,4,19.9,Safe
1,41,27.5,19.7,81.2,88.6,92.5,4.5,24.6,11.6,52.5,0,9,0,1,9,89.0,Disease: Anthracnose
1,33,34.9,26.8,33.6,45.6,18.5,10.8,0.0,0.0,98.5,8,0,10,0,0,0.0,Pest: Bean Aphids
1,32,36.5,28.2,41.5,45.3,17.8,10.5,0.0,0.0,96.2,9,0,7,0,0,0.0,Pest: Bean Aphids
1,51,28.1,21.9,59.9,74.1,48.7,8.1,0.1,1.2,13.8,1,3,0,0,2,16.8,Safe
0,50,32.6,23.3,59.1,69.7,45.9,8.6,7.4,1.1,31.1,4,3,1,0,2,16.6,Pest: Bean Pod Borer
0,45,40.4,28.2,40.5,40.7,19.6,10.1,0.0,0.0,81.5,10,0,10,0,0,0.0,Pest: Bean Aphids
0,32,30.9,23.8,62.0,69.2,42.0,7.7,4.7,1.1,10.8,0,3,2,0,2,18.0,Safe
0,45,31.7,25.0,67.9,69.9,60.1,6.1,5.1,3.9,34.3,4,1,0,0,2,13.0,Pest: Bean Pod Borer
0,49,29.9,25.9,68.9,71.7,64.2,7.2,0.8,3.2,21.5,3,4,1,0,4,25.7,Pest: Bean Pod Borer
0,36,29.3,25.9,63.4,73.2,48.3,7.1,3.5,4.8,39.4,1,3,2,0,1,16.0,Pest: Bean Pod Borer
1,35,29.9,22.4,66.5,70.8,49.9,8.8,2.9,2.1,22.8,2,0,2,0,1,14.0,Safe
0,47,29.2,23.2,66.5,66.7,50.0,8.1,7.7,3.6,22.6,4,3,3,0,4,27.5,Pest: Bean Pod Borer
0,15,28.7,18.8,82.4,96.6,72.0,4.4,11.8,11.3,58.8,0,9,0,3,6,137.7,Disease: Anthracnose
0,55,38.2,28.9,30.7,49.1,10.5,11.5,0.0,0.0,96.9,8,0,8,0,0,0.0,Pest: Bean Aphids
0,38,29.1,23.8,63.4,71.2,49.1,7.5,6.1,2.9,37.0,1,2,1,0,3,30.0,Pest: Bean Pod Borer
1,19,27.9,19.7,75.4,92.1,72.4,4.9,34.9,8.7,54.3,0,7,0,3,8,111.7,Disease: Anthracnose
1,26,27.1,23.0,61.4,63.3,47.6,8.8,3.2,3.3,10.7,1,3,0,0,3,5.1,Safe
0,46,33.6,24.7,70.7,69.8,53.3,6.4,3.8,4.0,29.5,2,3,1,0,4,28.3,Pest: Bean Pod Borer
1,21,39.0,29.6,32.4,43.2,17.5,9.1,0.0,0.0,85.9,10,0,7,0,0,0.0,Pest: Bean Aphids
1,21,25.0,21.9,81.3,97.5,94.3,2.4,18.4,8.3,44.6,0,10,0,4,8,112.1,Disease: Anthracnose
1,36,25.5,18.4,80.2,94.4,80.1,2.0,22.9,9.2,50.6,0,7,0,4,6,143.9,Disease: Anthracnose
1,40,29.1,25.8,68.2,79.5,59.7,7.5,3.6,1.9,29.8,1,3,2,0,2,10.9,Pest: Bean Pod Borer
1,27,24.2,20.4,82.7,88.0,74.2,2.1,17.2,8.0,43.1,0,8,0,4,8,126.9,Disease: Anthracnose
0,27,26.7,21.7,63.9,68.3,51.0,8.8,0.2,0.4,26.9,2,3,0,0,1,22.6,Safe
1,57,38.0,28.9,36.7,37.6,21.3,10.9,0.0,0.0,96.0,8,0,8,0,0,0.0,Pest: Bean Aphids
0,41,30.9,22.5,59.5,75.2,45.2,8.1,8.2,5.0,28.4,2,4,0,0,2,17.7,Pest: Bean Pod Borer
0,27,34.1,29.3,44.7,37.0,24.8,10.1,0.0,0.0,90.8,7,0,9,0,0,0.0,Pest: Bean Aphids
1,44,37.0,28.1,33.2,46.4,15.7,10.4,0.0,0.0,88.0,10,0,9,0,0,0.0,Pest: Bean Aphids
0,22,40.0,27.4,38.5,41.4,12.1,11.6,0.0,0.0,97.3,7,0,8,0,0,0.0,Pest: Bean Aphids
1,43,31.0,23.7,56.1,70.6,54.0,7.5,8.3,2.9,30.6,3,4,2,0,1,13.8,Pest: Bean Pod Borer
0,55,27.2,23.0,69.4,65.1,50.3,8.3,2.5,2.2,20.5,2,3,2,0,2,16.0,Safe
0,35,26.3,19.9,83.3,94.6,88.3,4.8,22.8,8.5,42.5,0,6,0,2,10,132.4,Disease: Anthracnose
1,48,38.1,26.7,42.9,49.6,27.0,10.7,0.0,0.0,97.1,7,0,9,0,0,0.0,Pest: Bean Aphids
0,48,30.6,25.2,71.0,77.5,46.2,9.0,3.7,3.3,39.9,3,4,2,0,3,22.7,Pest: Bean Pod Borer
0,38,30.7,22.7,59.4,69.8,59.3,7.5,5.7,3.5,20.9,4,2,0,0,3,10.1,Pest: Bean Pod Borer
0,56,26.9,20.1,85.8,97.2,92.8,2.5,36.5,9.1,58.4,0,9,0,4,7,145.6,Disease: Anthracnose
1,49,26.7,18.9,76.3,94.3,83.2,4.3,34.3,9.3,41.7,0,8,0,1,7,149.6,Disease: Anthracnose
0,31,38.3,26.2,28.6,42.5,27.1,10.9,0.0,0.0,94.6,9,0,10,0,0,0.0,Pest: Bean Aphids
1,32,29.2,22.7,55.8,65.1,64.2,7.7,3.7,1.1,20.3,0,2,0,0,4,10.2,Safe
1,57,39.1,27.5,40.3,49.0,20.1,10.9,0.0,0.0,80.1,8,0,7,0,0,0.0,Pest: Bean Aphids
1,38,28.5,23.8,65.2,68.6,51.5,7.1,8.2,2.7,32.8,3,2,0,0,3,22.1,Pest: Bean Pod Borer
1,57,24.5,18.5,85.6,87.6,88.7,2.2,12.8,13.7,40.1,0,7,0,2,6,130.2,Disease: Anthracnose
0,44,32.7,23.9,72.9,69.0,57.8,7.2,3.7,2.5,23.7,1,3,3,0,4,15.3,Pest: Bean Pod Borer
1,45,26.1,19.3,86.7,94.0,77.2,2.5,36.4,8.2,55.0,0,10,0,2,6,107.7,Disease: Anthracnose
0,51,28.0,22.7,59.0,67.2,55.8,8.9,7.0,3.8,21.5,2,3,1,0,2,17.9,Pest: Bean Pod Borer
0,55,26.9,21.7,55.3,65.7,54.6,7.9,2.4,2.6,13.6,1,1,1,0,4,14.8,Safe
0,44,40.4,26.5,37.1,47.7,11.7,9.7,0.0,0.0,99.8,9,0,8,0,0,0.0,Pest: Bean Aphids
0,46,30.5,25.5,61.5,76.9,63.9,7.2,8.7,2.9,23.1,4,4,0,0,2,25.8,Pest: Bean Pod Borer
0,44,27.2,20.2,53.0,73.3,63.2,6.8,4.0,2.6,15.0,0,0,0,0,3,17.7,Safe
0,21,37.9,28.2,26.2,40.2,25.6,9.4,0.0,0.0,92.1,7,0,9,0,0,0.0,Pest: Bean Aphids
1,11,26.1,23.3,62.1,62.3,58.4,8.4,1.0,2.4,16.2,1,3,2,0,1,11.0,Safe
1,50,35.8,28.1,33.7,39.3,24.4,10.1,0.0,0.0,82.9,7,0,7,0,0,0.0,Pest: Bean Aphids
0,10,26.6,23.9,64.4,64.3,46.0,6.7,3.0,3.0,28.6,1,1,0,0,1,16.1,Safe
1,50,27.2,20.6,76.3,97.4,83.5,4.3,38.7,11.1,55.0,0,10,0,1,6,126.1,Disease: Anthracnose
0,47,29.5,24.9,55.5,72.8,60.4,7.5,5.1,2.9,25.9,2,3,0,0,1,13.3,Pest: Bean Pod Borer
1,50,31.9,25.5,64.6,72.3,52.6,8.0,0.6,1.9,24.1,2,3,0,0,2,17.1,Pest: Bean Pod Borer
0,36,25.0,21.4,81.1,88.0,80.6,3.5,32.9,12.6,51.9,0,9,0,3,9,126.7,Disease: Anthracnose
1,43,30.0,21.4,50.6,62.2,40.2,8.4,4.7,0.3,16.3,0,3,0,0,4,20.2,Safe
0,59,30.8,21.7,68.2,60.8,43.1,6.5,0.8,1.3,24.2,1,2,0,0,3,8.9,Safe
0,38,29.1,25.6,67.4,76.1,62.1,8.1,1.7,3.7,23.3,3,4,1,0,1,23.3,Pest: Bean Pod Borer
1,29,29.4,21.9,56.7,64.1,48.1,6.8,3.3,3.8,23.0,0,1,2,0,2,23.0,Safe
0,60,25.7,19.4,77.0,90.0,91.1,4.2,36.3,12.8,52.3,0,6,0,3,7,111.0,Disease: Anthracnose
0,51,33.4,22.7,62.3,67.0,52.1,6.2,5.0,1.7,39.4,3,2,0,0,3,16.0,Pest: Bean Pod Borer
0,45,34.0,23.9,67.3,73.2,48.2,8.2,9.3,1.8,20.6,1,2,1,0,3,12.3,Pest: Bean Pod Borer
0,60,26.9,19.9,83.9,91.0,83.9,4.5,15.3,13.7,41.4,0,6,0,4,8,114.6,Disease: Anthracnose
1,42,28.5,18.9,87.1,87.5,87.8,2.2,13.0,12.9,43.6,0,6,0,4,10,133.3,Disease: Anthracnose
0,51,39.2,27.4,44.9,41.2,13.8,9.3,0.0,0.0,87.7,10,0,9,0,0,0.0,Pest: Bean Aphids
1,57,25.6,18.6,75.4,91.5,77.4,4.7,22.1,12.4,51.7,0,10,0,2,8,130.9,Disease: Anthracnose
0,48,27.3,18.7,77.1,92.6,79.3,3.1,27.7,8.2,54.0,0,8,0,1,7,109.5,Disease: Anthracnose
0,52,27.9,20.6,56.3,60.1,57.2,8.2,1.1,2.3,16.4,0,0,1,0,3,17.0,Safe
0,27,26.3,21.1,82.8,97.8,81.8,4.0,19.4,9.9,52.6,0,6,0,1,8,113.7,Disease: Anthracnose
1,28,27.8,23.4,58.6,73.4,59.4,7.2,1.0,2.4,11.5,0,3,0,0,1,7.9,Safe
1,52,34.2,28.1,34.6,47.0,24.8,10.4,0.0,0.0,81.0,7,0,10,0,0,0.0,Pest: Bean Aphids
0,47,39.6,26.6,34.2,45.7,19.7,9.7,0.0,0.0,85.1,9,0,8,0,0,0.0,Pest: Bean Aphids
1,17,27.2,21.6,84.3,85.6,92.7,4.9,24.0,12.3,45.5,0,7,0,3,10,139.9,Disease: Anthracnose
1,36,37.7,30.0,32.1,36.9,20.1,10.6,0.0,0.0,90.8,10,0,8,0,0,0.0,Pest: Bean Aphids
0,32,35.5,28.9,38.7,48.8,12.4,11.1,0.0,0.0,99.4,8,0,9,0,0,0.0,Pest: Bean Aphids
0,56,26.9,23.1,68.3,74.0,42.1,8.7,3.0,1.5,23.0,1,2,1,0,2,15.2,Safe
1,42,29.9,22.8,67.6,77.9,52.9,7.3,7.3,2.7,23.0,4,1,3,0,2,19.2,Pest: Bean Pod Borer
1,19,26.0,20.9,54.5,65.8,48.8,6.9,4.6,2.7,23.7,2,0,1,0,2,24.8,Safe
1,30,35.6,28.1,30.6,37.3,12.8,10.8,0.0,0.0,95.4,8,0,10,0,0,0.0,Pest: Bean Aphids
1,13,27.8,22.2,51.1,70.6,60.5,7.1,4.3,3.5,14.7,2,3,2,0,3,19.2,Safe
0,26,29.9,20.9,53.6,67.9,40.8,9.0,4.8,2.4,26.4,1,3,1,0,2,18.2,Safe
0,16,28.8,20.4,55.7,68.0,48.6,7.2,1.9,1.9,22.2,0,1,1,0,4,7.9,Safe
1,58,26.5,18.1,75.6,91.3,92.6,3.4,26.3,8.5,54.5,0,6,0,4,9,132.4,Disease: Anthracnose
1,47,39.5,26.4,41.9,46.4,20.4,11.4,0.0,0.0,93.0,9,0,10,0,0,0.0,Pest: Bean Aphids
1,58,30.8,22.2,68.5,69.5,51.0,6.6,0.3,0.7,19.4,0,3,1,0,1,24.9,Safe
0,48,32.6,22.1,60.4,71.2,59.8,9.0,7.6,1.3,38.5,4,4,2,0,4,27.8,Pest: Bean Pod Borer
1,22,27.0,19.6,76.8,92.4,71.0,2.5,21.1,13.9,46.1,0,9,0,1,7,89.9,Disease: Anthracnose
1,39,33.0,24.2,73.6,71.3,49.2,6.7,7.5,1.5,33.9,2,4,0,0,4,17.4,Pest: Bean Pod Borer
1,42,28.9,25.6,73.1,68.8,53.0,8.1,3.7,1.8,22.6,1,2,1,0,1,15.9,Pest: Bean Pod Borer
0,43,30.0,21.1,65.8,66.3,60.5,6.0,1.3,0.6,10.5,2,3,0,0,3,14.3,Safe
1,59,28.2,19.0,76.7,97.3,92.7,2.3,11.2,13.3,49.5,0,9,0,2,6,121.0,Disease: Anthracnose
1,41,31.5,22.3,57.1,74.4,57.0,6.1,9.7,4.5,36.3,2,4,0,0,1,28.8,Pest: Bean Pod Borer
0,51,31.2,25.2,62.3,68.5,63.9,7.6,3.7,1.4,23.3,2,2,3,0,2,15.6,Pest: Bean Pod Borer
0,42,28.1,23.3,56.3,69.3,59.2,8.5,5.9,3.5,26.6,4,4,0,0,3,16.8,Pest: Bean Pod Borer
0,30,25.3,21.9,83.5,92.3,89.8,2.1,19.4,13.7,40.2,0,8,0,3,9,115.0,Disease: Anthracnose
1,45,38.4,29.6,30.3,39.8,24.1,10.0,0.0,0.0,97.2,7,0,8,0,0,0.0,Pest: Bean Aphids
0,20,30.2,22.4,53.5,61.9,58.5,6.5,3.4,0.0,15.5,1,2,0,0,2,19.3,Safe
0,36,28.3,20.3,82.4,94.3,90.2,4.8,13.5,9.0,42.6,0,10,0,1,9,114.7,Disease: Anthracnose
0,39,27.0,21.9,86.4,97.1,81.8,3.0,22.9,10.2,57.8,0,8,0,2,8,126.6,Disease: Anthracnose
1,48,32.6,23.2,60.2,74.5,57.1,8.4,4.5,2.5,29.5,3,3,0,0,2,29.6,Pest: Bean Pod Borer
1,20,26.2,18.4,81.5,90.2,72.0,4.6,32.4,9.3,55.6,0,6,0,1,10,115.7,Disease: Anthracnose
1,54,38.4,28.4,26.0,36.6,25.1,9.1,0.0,0.0,77.9,10,0,10,0,0,0.0,Pest: Bean Aphids
0,38,34.1,26.2,30.7,43.9,11.0,9.9,0.0,0.0,85.8,7,0,7,0,0,0.0,Pest: Bean Aphids
0,37,30.1,22.4,67.0,69.9,52.7,6.9,3.9,1.3,38.0,2,2,3,0,2,12.8,Pest: Bean Pod Borer
1,37,30.2,21.6,52.4,67.8,52.4,7.6,0.2,2.9,10.9,1,3,1,0,1,12.8,Safe
0,43,30.6,22.1,61.7,75.2,53.1,6.5,4.7,1.5,32.4,1,4,0,0,1,22.9,Pest: Bean Pod Borer
0,23,27.1,20.8,67.3,65.9,47.6,8.7,2.9,3.7,17.5,2,0,0,0,1,10.9,Safe
0,56,34.7,29.5,28.7,39.9,18.2,9.8,0.0,0.0,96.6,9,0,10,0,0,0.0,Pest: Bean Aphids
1,22,37.8,29.8,27.9,38.2,20.2,12.0,0.0,0.0,94.4,7,0,9,0,0,0.0,Pest: Bean Aphids
0,24,38.5,26.5,43.0,42.3,13.3,10.0,0.0,0.0,98.6,9,0,10,0,0,0.0,Pest: Bean Aphids
1,23,24.7,21.3,86.5,95.5,93.8,2.7,33.6,11.9,47.8,0,7,0,2,8,84.9,Disease: Anthracnose
1,36,31.2,25.1,69.5,67.5,47.0,7.0,2.2,2.7,21.3,4,4,3,0,4,12.7,Pest: Bean Pod Borer
0,52,27.4,23.5,54.7,66.7,40.0,8.0,4.4,3.3,18.7,2,3,0,0,1,10.7,Safe
1,31,28.3,18.5,84.5,86.9,85.4,2.1,13.4,8.2,53.7,0,9,0,3,6,118.7,Disease: Anthracnose
0,49,31.7,25.0,70.7,68.5,49.8,8.9,7.8,4.6,23.9,4,4,2,0,4,20.1,Pest: Bean Pod Borer
0,38,29.9,25.0,70.1,74.3,46.2,7.1,3.0,1.6,24.1,1,2,3,0,3,12.7,Pest: Bean Pod Borer
0,34,28.5,21.2,51.3,60.7,63.7,7.4,2.6,2.1,18.7,2,1,1,0,4,12.2,Safe
1,21,38.8,30.0,27.6,48.0,26.5,11.7,0.0,0.0,83.9,10,0,8,0,0,0.0,Pest: Bean Aphids
0,51,34.0,26.3,38.9,42.9,21.8,11.2,0.0,0.0,79.3,9,0,8,0,0,0.0,Pest: Bean Aphids
1,45,36.8,26.9,41.5,45.4,18.9,9.5,0.0,0.0,80.1,9,0,9,0,0,0.0,Pest: Bean Aphids
1,53,26.6,23.5,67.2,65.8,62.7,7.2,4.9,1.0,11.8,0,2,0,0,2,23.3,Safe
0,32,28.4,20.2,85.0,85.9,88.2,4.7,37.3,10.5,55.2,0,6,0,3,6,132.9,Disease: Anthracnose
0,52,30.1,23.3,69.7,74.8,60.7,7.1,4.2,0.2,12.8,0,2,1,0,3,9.1,Safe
1,56,37.5,27.6,28.6,39.8,13.9,11.7,0.0,0.0,94.5,7,0,10,0,0,0.0,Pest: Bean Aphids
0,38,29.6,20.4,51.5,68.6,46.3,7.3,4.5,0.6,22.8,0,3,1,0,2,19.0,Safe
1,26,38.6,27.6,41.1,37.4,12.3,10.5,0.0,0.0,92.2,7,0,10,0,0,0.0,Pest: Bean Aphids
1,58,28.4,20.1,86.1,88.0,71.8,4.2,24.7,8.1,58.1,0,10,0,1,7,129.1,Disease: Anthracnose
0,32,37.1,29.9,25.8,41.4,13.1,11.4,0.0,0.0,87.2,10,0,10,0,0,0.0,Pest: Bean Aphids
0,29,28.4,23.6,55.1,64.8,53.5,8.9,3.3,0.4,19.9,2,1,0,0,2,15.3,Safe
0,36,25.0,18.8,85.5,94.4,88.2,2.8,18.4,9.4,41.0,0,10,0,4,7,83.8,Disease: Anthracnose
0,44,29.6,20.7,57.6,74.8,56.0,7.7,3.4,3.4,25.5,0,0,1,0,4,10.4,Safe
0,31,30.6,22.9,67.0,62.0,53.1,8.5,0.0,1.7,13.0,0,0,1,0,2,9.0,Safe
1,49,37.9,29.3,43.4,42.5,22.8,10.3,0.0,0.0,78.9,7,0,10,0,0,0.0,Pest: Bean Aphids
0,43,27.1,20.2,83.9,94.9,72.7,2.8,18.3,12.2,49.1,0,7,0,2,8,146.9,Disease: Anthracnose
1,17,28.1,22.2,66.0,70.7,48.1,8.3,4.4,2.0,28.5,1,1,0,0,1,20.9,Safe
0,58,37.3,28.1,33.8,39.0,25.0,9.9,0.0,0.0,81.1,8,0,9,0,0,0.0,Pest: Bean Aphids
0,51,39.7,29.3,31.8,41.3,22.3,10.2,0.0,0.0,94.5,9,0,9,0,0,0.0,Pest: Bean Aphids
0,43,27.6,21.8,86.7,88.8,86.3,3.6,18.0,12.2,50.1,0,6,0,3,9,129.4,Disease: Anthracnose
0,39,29.9,22.6,66.7,77.8,62.9,7.9,6.7,3.1,24.8,4,4,2,0,3,25.5,Pest: Bean Pod Borer
0,41,39.5,26.6,30.7,47.4,22.5,9.4,0.0,0.0,92.6,10,0,7,0,0,0.0,Pest: Bean Aphids
1,38,26.8,23.4,60.0,68.0,44.3,7.2,2.0,2.6,21.4,0,3,2,0,3,6.7,Safe
0,49,31.9,23.8,57.3,72.5,45.7,6.8,3.8,4.3,21.7,3,4,3,0,1,27.3,Pest: Bean Pod Borer
1,52,25.5,19.6,88.1,94.5,72.2,3.9,33.3,10.1,42.9,0,7,0,4,8,80.4,Disease: Anthracnose
0,35,39.2,29.5,32.5,38.3,18.5,10.5,0.0,0.0,97.3,8,0,8,0,0,0.0,Pest: Bean Aphids
1,53,39.2,26.4,35.3,37.9,24.0,10.4,0.0,0.0,78.7,10,0,10,0,0,0.0,Pest: Bean Aphids
0,44,28.5,23.0,66.2,71.2,56.9,7.9,7.8,2.5,38.2,3,4,2,0,1,22.2,Pest: Bean Pod Borer
1,20,29.7,21.9,55.2,63.7,55.9,8.3,2.6,2.5,15.5,0,2,0,0,3,11.7,Safe
1,40,33.4,24.3,73.9,72.7,63.8,7.2,8.4,3.7,21.3,2,3,0,0,2,18.9,Pest: Bean Pod Borer
0,46,33.4,24.9,66.5,67.8,48.0,6.9,1.0,3.1,38.9,1,2,2,0,1,16.5,Pest: Bean Pod Borer
1,36,26.6,21.4,65.4,66.8,51.6,8.6,0.5,3.2,16.1,2,0,0,0,3,8.0,Safe
0,50,35.1,29.0,37.1,41.2,19.9,10.4,0.0,0.0,88.4,8,0,8,0,0,0.0,Pest: Bean Aphids
0,46,30.6,25.8,73.4,74.3,58.3,6.4,9.0,3.0,33.3,3,4,2,0,2,13.8,Pest: Bean Pod Borer
1,14,30.8,20.8,62.4,62.7,45.5,7.0,4.4,3.7,22.0,2,1,1,0,2,15.1,Safe
1,46,37.6,29.5,44.3,45.2,18.5,9.4,0.0,0.0,79.3,7,0,8,0,0,0.0,Pest: Bean Aphids
1,53,28.3,20.9,82.0,96.5,88.1,3.2,22.5,13.6,53.1,0,8,0,4,7,123.5,Disease: Anthracnose
0,15,30.6,22.5,52.9,67.1,40.0,6.2,4.8,0.5,26.1,1,3,1,0,3,15.0,Safe
0,29,39.0,27.9,33.7,49.9,11.5,10.9,0.0,0.0,85.4,10,0,10,0,0,0.0,Pest: Bean Aphids
1,40,29.8,23.6,51.7,69.0,53.6,6.8,0.0,3.0,10.1,2,0,2,0,1,12.5,Safe
1,49,36.1,26.5,40.8,37.6,14.7,10.5,0.0,0.0,99.3,7,0,8,0,0,0.0,Pest: Bean Aphids
1,58,39.2,29.3,37.5,44.1,17.7,10.7,0.0,0.0,84.3,7,0,10,0,0,0.0,Pest: Bean Aphids
0,47,30.3,26.0,60.2,77.2,48.6,6.2,9.8,1.8,27.9,4,1,1,0,4,14.4,Pest: Bean Pod Borer
0,50,29.6,21.0,52.4,65.9,47.6,7.8,0.9,3.0,25.5,2,0,1,0,4,10.5,Safe
1,53,38.3,26.6,33.1,44.7,26.0,10.9,0.0,0.0,90.5,10,0,9,0,0,0.0,Pest: Bean Aphids
1,48,40.1,29.6,32.5,45.2,21.9,10.6,0.0,0.0,91.3,9,0,7,0,0,0.0,Pest: Bean Aphids
1,56,38.8,26.7,28.5,44.1,16.9,11.0,0.0,0.0,87.4,8,0,8,0,0,0.0,Pest: Bean Aphids
1,38,29.9,25.9,65.0,79.6,50.6,7.1,4.3,4.6,25.3,3,3,3,0,2,16.3,Pest: Bean Pod Borer
1,50,31.5,25.4,60.8,67.3,54.3,8.7,0.9,3.9,37.7,2,2,2,0,4,25.7,Pest: Bean Pod Borer
1,16,29.4,20.5,69.3,74.7,43.9,8.0,4.4,1.9,23.0,1,2,1,0,1,23.2,Safe
1,30,26.1,22.0,57.8,66.6,45.1,6.4,0.4,3.3,23.7,0,3,0,0,2,11.3,Safe
1,34,26.9,23.1,63.9,60.1,51.6,8.8,2.2,0.9,10.4,1,2,0,0,1,21.3,Safe
0,59,39.8,26.1,29.5,41.4,14.7,9.7,0.0,0.0,91.9,9,0,10,0,0,0.0,Pest: Bean Aphids
0,29,38.7,29.4,27.9,46.4,18.6,12.0,0.0,0.0,76.8,8,0,8,0,0,0.0,Pest: Bean Aphids
0,34,30.3,20.4,57.6,65.4,47.4,8.1,0.1,3.3,17.9,0,0,2,0,4,21.7,Safe
0,48,30.2,23.5,68.2,63.7,58.1,6.2,3.7,2.7,18.1,2,3,1,0,1,20.7,Safe
0,48,39.7,29.4,27.0,44.8,19.7,9.0,0.0,0.0,77.3,8,0,8,0,0,0.0,Pest: Bean Aphids
1,13,26.5,20.9,51.5,69.1,55.3,7.8,4.8,1.3,22.7,1,3,0,0,3,16.1,Safe
1,10,30.2,23.3,52.1,74.4,55.9,8.5,3.5,1.7,24.7,2,2,2,0,4,14.3,Safe
1,26,31.0,23.1,65.4,71.6,53.9,8.7,4.3,3.5,22.1,0,0,1,0,4,24.3,Safe
0,49,31.1,24.2,64.0,70.3,48.7,7.8,5.8,4.4,24.7,3,4,2,0,1,29.6,Pest: Bean Pod Borer
1,44,31.9,25.1,70.9,68.6,52.7,6.7,6.4,1.3,37.8,1,3,2,0,2,17.7,Pest: Bean Pod Borer
1,38,31.9,23.3,71.2,79.6,46.9,6.5,8.6,3.0,25.0,2,4,3,0,2,11.2,Pest: Bean Pod Borer
0,34,26.8,20.3,68.8,74.7,48.4,9.0,4.5,2.8,18.6,2,1,2,0,4,8.1,Safe
0,47,28.8,25.1,57.7,76.6,63.0,8.5,7.3,2.7,27.9,1,3,3,0,1,14.4,Pest: Bean Pod Borer
1,27,26.9,22.3,62.7,67.4,42.3,7.0,1.7,2.7,27.2,1,3,2,0,4,10.8,Safe
1,42,35.2,27.7,30.0,36.4,14.7,9.6,0.0,0.0,83.8,7,0,9,0,0,0.0,Pest: Bean Aphids
0,22,27.7,19.0,84.3,86.9,90.8,2.9,20.3,12.8,46.1,0,9,0,1,8,94.6,Disease: Anthracnose
0,33,27.0,23.8,61.4,71.0,53.0,8.5,1.5,0.4,24.1,0,3,1,0,4,10.3,Safe
0,45,30.5,22.8,72.8,65.9,49.1,8.5,3.3,4.0,38.2,1,2,3,0,1,26.1,Pest: Bean Pod Borer
0,28,26.2,21.4,63.1,63.7,47.3,7.8,2.4,0.5,11.5,1,1,1,0,3,23.0,Safe
1,42,31.6,22.8,73.6,73.6,50.2,7.2,1.1,1.3,25.9,1,3,2,0,4,29.3,Pest: Bean Pod Borer
0,31,24.7,20.2,79.5,86.1,84.2,3.9,26.4,10.3,57.5,0,9,0,1,7,116.9,Disease: Anthracnose
0,51,33.1,25.4,72.4,66.1,54.8,6.7,9.7,1.2,24.5,4,4,1,0,1,19.2,Pest: Bean Pod Borer
1,37,34.5,29.6,41.8,42.8,15.5,10.7,0.0,0.0,78.1,8,0,7,0,0,0.0,Pest: Bean Aphids
1,56,26.0,18.1,88.0,95.7,93.5,3.4,22.4,13.0,54.3,0,6,0,2,8,115.4,Disease: Anthracnose
1,36,29.2,23.1,55.6,76.8,50.6,7.7,6.4,1.2,34.4,1,1,0,0,3,22.0,Pest: Bean Pod Borer
0,39,30.5,23.7,63.9,67.6,50.3,7.2,2.8,1.2,14.8,2,3,2,0,1,20.5,Safe
1,39,33.5,25.2,59.2,66.5,57.8,6.2,9.0,3.0,24.9,3,3,2,0,4,16.6,Pest: Bean Pod Borer
1,35,38.1,26.9,33.7,39.0,28.0,11.5,0.0,0.0,87.2,10,0,10,0,0,0.0,Pest: Bean Aphids
1,17,24.4,18.2,86.9,92.3,84.4,2.7,17.8,10.3,52.6,0,9,0,3,6,107.3,Disease: Anthracnose
0,37,26.0,18.2,79.5,95.7,74.3,4.9,35.6,11.3,51.0,0,6,0,4,6,136.3,Disease: Anthracnose
0,40,25.7,20.5,87.1,89.3,78.4,4.4,35.8,13.8,42.7,0,8,0,2,9,102.0,Disease: Anthracnose
1,41,30.4,22.0,57.3,78.8,51.5,8.2,4.8,1.3,31.0,2,4,1,0,4,26.4,Pest: Bean Pod Borer
1,54,26.2,19.7,85.9,94.6,71.4,2.3,21.6,12.3,53.6,0,10,0,4,9,120.1,Disease: Anthracnose
0,15,24.0,21.7,85.6,92.7,77.1,4.1,33.8,10.9,42.5,0,7,0,3,10,111.5,Disease: Anthracnose
1,52,40.5,28.9,34.4,41.4,17.6,10.2,0.0,0.0,75.7,7,0,10,0,0,0.0,Pest: Bean Aphids
1,48,29.3,21.3,50.9,69.3,51.3,8.8,5.0,3.6,25.9,0,1,0,0,3,11.5,Safe
0,18,26.2,20.1,78.7,95.4,74.6,4.8,35.7,9.4,54.3,0,7,0,1,10,98.6,Disease: Anthracnose
0,43,29.1,24.3,57.5,72.8,57.9,7.1,5.8,4.4,32.1,4,2,1,0,1,25.7,Pest: Bean Pod Borer
0,49,25.5,18.4,79.9,88.8,81.1,4.2,15.0,10.7,48.9,0,8,0,4,8,124.8,Disease: Anthracnose
0,53,28.4,20.1,77.8,93.2,71.6,3.5,38.6,8.3,59.8,0,7,0,2,6,92.2,Disease: Anthracnose
0,60,28.8,18.3,84.1,89.9,89.1,3.9,34.1,9.1,42.2,0,7,0,3,8,112.7,Disease: Anthracnose
1,29,26.2,19.1,88.0,94.9,74.0,3.3,18.3,9.3,55.3,0,6,0,1,9,86.8,Disease: Anthracnose
1,28,24.9,18.2,87.1,94.7,91.9,2.6,27.1,12.5,56.7,0,7,0,3,8,112.5,Disease: Anthracnose
0,29,37.7,26.7,40.7,39.9,13.1,9.8,0.0,0.0,95.3,7,0,10,0,0,0.0,Pest: Bean Aphids
0,60,26.7,22.0,87.8,87.2,94.0,3.8,39.4,12.2,53.6,0,7,0,3,7,124.5,Disease: Anthracnose
1,31,27.8,20.7,52.9,69.9,41.7,8.2,4.9,0.4,20.6,1,3,1,0,3,8.1,Safe
1,39,24.7,18.8,88.3,91.8,85.8,4.4,33.8,13.9,55.6,0,8,0,4,10,134.7,Disease: Anthracnose
0,42,36.1,27.6,42.8,47.5,19.7,11.2,0.0,0.0,95.0,8,0,10,0,0,0.0,Pest: Bean Aphids
1,41,31.7,25.5,73.4,67.9,52.5,8.8,10.0,1.8,27.2,2,1,2,0,3,11.9,Pest: Bean Pod Borer
1,15,30.0,22.7,58.2,63.5,49.9,7.6,4.8,3.6,24.7,2,0,0,0,1,16.4,Safe
1,44,31.3,22.2,71.5,77.5,51.1,7.7,4.6,1.1,20.0,3,3,3,0,1,23.1,Pest: Bean Pod Borer
0,36,38.8,26.9,29.8,37.2,10.5,11.4,0.0,0.0,82.8,10,0,10,0,0,0.0,Pest: Bean Aphids
0,58,40.1,27.3,42.8,36.5,23.8,11.2,0.0,0.0,75.6,9,0,8,0,0,0.0,Pest: Bean Aphids
0,52,32.1,23.1,69.5,74.8,63.1,8.6,3.3,3.3,22.8,3,3,3,0,2,21.9,Pest: Bean Pod Borer
1,40,28.4,22.8,68.9,69.1,54.3,8.8,0.7,3.6,33.3,3,1,0,0,3,27.3,Pest: Bean Pod Borer
1,37,28.9,20.5,82.2,96.7,81.4,4.6,16.7,9.7,54.6,0,9,0,3,7,105.8,Disease: Anthracnose
1,51,29.9,20.2,65.8,66.2,60.3,8.3,1.1,2.9,16.9,0,0,2,0,2,21.0,Safe
1,24,27.9,18.4,77.8,94.9,85.3,2.8,27.0,9.4,44.6,0,6,0,3,6,128.2,Disease: Anthracnose
1,26,28.5,20.1,55.5,69.7,56.0,7.2,5.0,2.8,15.5,0,0,2,0,4,24.9,Safe
0,25,28.7,21.7,81.1,88.0,88.2,2.4,32.0,11.5,43.4,0,8,0,1,9,141.4,Disease: Anthracnose
0,58,27.3,20.6,75.9,94.5,90.0,2.3,15.7,11.2,42.8,0,7,0,3,9,97.5,Disease: Anthracnose
0,38,29.7,22.5,63.8,65.1,46.8,6.0,2.2,2.7,35.7,4,3,3,0,1,16.6,Pest: Bean Pod Borer
1,60,28.2,20.1,62.1,61.2,43.1,6.3,2.7,0.3,22.8,1,2,1,0,2,22.4,Safe
1,48,31.7,24.6,60.5,69.1,61.0,6.8,5.8,2.8,33.5,2,2,2,0,2,16.3,Pest: Bean Pod Borer
0,25,24.9,20.5,78.8,86.5,86.8,3.7,11.6,12.5,59.8,0,10,0,4,10,85.1,Disease: Anthracnose
0,36,35.6,29.0,36.2,45.3,14.0,10.1,0.0,0.0,86.6,8,0,9,0,0,0.0,Pest: Bean Aphids
1,24,29.3,20.8,53.3,74.9,45.8,8.8,3.9,0.1,27.6,1,0,1,0,1,13.9,Safe
0,36,28.8,21.7,66.5,62.3,53.7,6.8,4.6,0.0,11.3,0,2,2,0,4,20.7,Safe
1,45,39.1,29.9,39.1,36.5,17.3,11.2,0.0,0.0,77.5,8,0,7,0,0,0.0,Pest: Bean Aphids
1,52,39.2,30.0,33.1,44.3,13.1,10.0,0.0,0.0,78.9,9,0,9,0,0,0.0,Pest: Bean Aphids
1,54,29.4,22.8,57.9,64.5,43.1,6.0,0.6,0.1,29.4,0,1,1,0,2,18.0,Safe
1,38,26.7,20.6,58.7,73.1,44.7,7.2,0.8,0.3,27.4,2,0,2,0,2,10.8,Safe
1,56,30.9,23.3,52.9,61.9,57.8,6.4,3.5,3.5,12.4,0,3,1,0,1,19.9,Safe
0,37,29.5,23.3,64.6,75.8,54.4,8.9,0.5,3.6,33.8,4,2,2,0,4,11.2,Pest: Bean Pod Borer
0,52,29.5,24.8,59.1,75.3,45.2,7.3,1.0,3.1,32.5,2,4,0,0,1,15.7,Pest: Bean Pod Borer
0,35,37.6,27.7,34.3,37.5,13.6,10.3,0.0,0.0,90.1,9,0,9,0,0,0.0,Pest: Bean Aphids
1,35,32.3,24.0,69.1,79.1,64.7,6.6,4.5,3.2,33.5,3,2,3,0,2,25.3,Pest: Bean Pod Borer
1,50,34.5,26.1,43.2,41.7,19.2,11.2,0.0,0.0,87.6,7,0,8,0,0,0.0,Pest: Bean Aphids
0,34,40.4,27.5,34.0,44.3,13.7,10.2,0.0,0.0,76.7,10,0,8,0,0,0.0,Pest: Bean Aphids
1,20,27.2,20.2,77.3,86.1,72.0,4.8,39.2,8.9,46.5,0,10,0,1,8,128.9,Disease: Anthracnose
0,39,34.4,28.8,28.6,37.1,15.7,9.7,0.0,0.0,79.7,8,0,8,0,0,0.0,Pest: Bean Aphids
1,39,30.1,23.1,72.2,75.0,60.4,6.5,0.9,2.1,39.9,2,4,0,0,3,14.4,Pest: Bean Pod Borer
1,38,33.3,22.1,68.6,75.2,52.9,7.8,9.5,4.3,23.1,1,4,3,0,4,22.6,Pest: Bean Pod Borer
0,23,24.5,19.3,85.3,90.7,74.3,2.6,37.1,10.2,58.1,0,6,0,1,8,141.8,Disease: Anthracnose
0,21,35.9,26.8,41.6,47.6,20.4,9.3,0.0,0.0,88.3,9,0,10,0,0,0.0,Pest: Bean Aphids
0,46,34.3,29.0,39.1,47.2,16.9,11.0,0.0,0.0,95.5,8,0,10,0,0,0.0,Pest: Bean Aphids
1,56,40.2,28.3,36.7,49.6,19.5,10.7,0.0,0.0,85.4,7,0,8,0,0,0.0,Pest: Bean Aphids
1,21,26.1,22.6,50.2,63.2,45.5,8.0,1.4,2.5,10.9,0,3,1,0,4,24.7,Safe
1,28,27.9,22.1,58.4,67.1,48.0,8.2,1.5,0.3,24.2,2,2,0,0,1,6.2,Safe
0,44,33.6,23.0,67.1,66.6,49.6,6.8,1.0,3.2,30.2,2,1,0,0,2,10.1,Pest: Bean Pod Borer
1,15,30.3,21.8,52.4,67.5,56.3,6.3,2.1,2.2,10.0,0,2,2,0,2,18.1,Safe
0,15,25.7,18.5,89.7,87.1,81.0,4.1,26.8,8.7,58.9,0,7,0,1,8,120.8,Disease: Anthracnose
0,31,24.4,20.5,82.7,95.4,85.3,4.1,18.2,11.9,50.6,0,8,0,4,7,139.7,Disease: Anthracnose
1,46,32.9,22.1,74.3,74.1,61.8,8.0,9.4,3.8,35.8,2,3,3,0,3,22.8,Pest: Bean Pod Borer
1,27,28.5,20.3,58.7,66.3,52.1,6.2,1.3,1.0,22.5,2,1,1,0,1,7.7,Safe
0,53,29.7,23.5,59.3,65.4,47.6,7.7,0.9,2.4,26.8,0,1,1,0,1,19.5,Safe
0,51,30.7,24.0,64.3,75.5,52.8,8.8,6.5,1.2,31.7,4,2,3,0,3,27.1,Pest: Bean Pod Borer
0,39,32.2,22.7,74.1,72.8,60.7,8.2,1.7,1.5,35.6,3,1,0,0,3,26.1,Pest: Bean Pod Borer
0,28,26.9,21.4,75.8,88.4,90.5,2.2,23.9,10.9,49.5,0,10,0,2,9,127.8,Disease: Anthracnose
1,34,25.5,19.3,85.1,85.4,85.6,2.5,20.5,10.6,59.9,0,6,0,3,10,132.1,Disease: Anthracnose
1,18,26.6,21.6,80.5,85.7,79.6,3.4,11.2,10.2,53.0,0,6,0,2,7,148.7,Disease: Anthracnose
0,52,28.3,22.1,72.6,70.4,48.2,8.5,8.9,1.1,21.3,4,1,1,0,1,21.2,Pest: Bean Pod Borer
0,39,30.6,23.2,67.1,71.7,47.6,8.0,5.8,3.7,24.0,2,3,1,0,4,29.9,Pest: Bean Pod Borer
0,49,26.3,18.4,84.4,92.7,71.7,3.9,36.5,10.1,40.3,0,7,0,3,8,137.5,Disease: Anthracnose
0,56,27.2,21.0,64.9,71.2,45.3,7.2,0.5,3.7,19.5,0,0,1,0,1,7.1,Safe
0,50,27.0,20.2,80.7,96.0,87.2,3.3,18.5,11.7,58.5,0,6,0,1,6,86.3,Disease: Anthracnose
1,22,34.1,28.3,27.1,49.7,15.1,12.0,0.0,0.0,88.6,10,0,8,0,0,0.0,Pest: Bean Aphids
1,41,29.3,23.8,62.6,67.9,54.4,6.4,9.7,4.7,28.3,4,1,2,0,2,20.2,Pest: Bean Pod Borer
0,39,28.1,23.0,55.4,74.2,61.8,7.2,5.5,3.3,28.2,4,4,2,0,3,26.1,Pest: Bean Pod Borer
0,35,29.5,25.3,66.0,75.9,55.6,6.3,2.9,2.2,21.0,4,4,0,0,1,26.7,Pest: Bean Pod Borer
1,47,28.1,22.5,61.0,74.6,49.6,7.0,4.1,2.4,25.7,1,2,2,0,2,8.5,Safe
1,49,32.5,25.0,64.0,78.9,56.3,7.9,6.2,4.5,32.5,2,4,0,0,4,18.8,Pest: Bean Pod Borer
0,51,37.7,28.8,27.3,43.2,18.5,9.7,0.0,0.0,81.9,8,0,9,0,0,0.0,Pest: Bean Aphids
0,33,40.0,26.1,41.4,45.3,15.0,10.7,0.0,0.0,88.9,8,0,7,0,0,0.0,Pest: Bean Aphids
0,42,35.8,26.4,25.0,40.8,23.2,11.9,0.0,0.0,97.1,10,0,10,0,0,0.0,Pest: Bean Aphids
1,49,39.8,28.0,29.5,38.0,27.0,11.4,0.0,0.0,81.7,10,0,10,0,0,0.0,Pest: Bean Aphids
1,52,25.7,21.3,83.0,94.2,77.5,4.4,21.1,12.0,59.6,0,10,0,3,6,121.8,Disease: Anthracnose
0,59,35.1,28.0,30.0,46.5,25.6,12.0,0.0,0.0,81.2,10,0,8,0,0,0.0,Pest: Bean Aphids
0,57,28.8,21.1,62.1,70.8,45.1,7.9,1.3,2.0,28.1,0,0,2,0,4,21.6,Safe
1,32,27.2,22.7,57.7,66.0,62.6,8.7,4.6,2.4,13.5,1,2,2,0,2,18.7,Safe
1,38,33.9,23.5,73.0,74.7,46.2,6.8,9.7,4.8,36.5,1,2,0,0,1,25.7,Pest: Bean Pod Borer
0,24,38.7,27.6,35.3,46.2,12.9,9.1,0.0,0.0,96.2,10,0,7,0,0,0.0,Pest: Bean Aphids
0,54,34.0,28.9,26.3,46.2,10.8,11.5,0.0,0.0,83.9,7,0,9,0,0,0.0,Pest: Bean Aphids
1,17,29.1,21.7,53.4,70.6,61.6,7.5,1.5,2.1,11.8,2,2,0,0,4,21.7,Safe
0,38,28.2,24.6,66.9,72.0,63.2,6.1,3.0,1.0,21.9,1,2,1,0,2,23.4,Pest: Bean Pod Borer
1,31,39.8,28.7,44.6,42.2,13.3,9.4,0.0,0.0,92.9,10,0,7,0,0,0.0,Pest: Bean Aphids
